##Import CSV file into Mysql

## Load SHOW_TEMPLATE
INSERT INTO `show_template` VALUES  
     ('1', 'The Lion King', 'Musical, kids-friendly', '2hrs30mins', '95'), 
     ('2', 'The Phantom of the Opera', 'Musical, Drama, Classics', '2hrs30mins', '95'), 
     ('3', 'Jersey Boys', 'Musical, Original', '2hrs30mins', '90'), 
     ('4', 'Wicked', 'Kids-friendly', '2hrs45mins', '92'), 
     ('5', 'Once', 'Musical, Romance', '2hrs15mins', '90'), 
     ('6', 'First Date', 'Musical, Comedy', '1hr30mins', '88'), 
     ('7', 'Mamma Mia!', 'Musical, Comedy, Classics', '2hrs30mins', '95'), 
     ('8', 'Chicago', 'Musical, Dance, Classics', '2hrs30mins', '92'), 
     ('9', 'Richard III', 'Play, History', '2hrs50mins', '86'), 
     ('10', 'A Gentleman\'s Guide to Love and Murder ', 'Comedy', '2hrs20mins', '90'), 
     ('11', 'A Night with Janis Joplin', 'Musical', '2hrs15mins', '88'), 
     ('12', 'After Midnight', 'Musical', '1hr30mins', '88'), 
     ('13', 'Annie', 'Comedy', '2hrs30mins', '90'), 
     ('14', '700 Sundays', 'Play', '2hrs15mins', '85'), 
     ('15', 'Betrayal', 'Plays, Classics', '1hr30mins', '85'), 
     ('16', 'Big Fish', 'Musical, Drama', '2hrs30mins', '89'), 
     ('17', 'Kinky Boots', 'Musical, 2013 Tony Winners', '2hrs20mins', '95'), 
     ('18', 'Macbeth', 'Play, Tragedy', '2hrs45mins', '87'), 
     ('19', 'Matilda ', 'Musical, 2013 Tony Winners', '2hrs35mins', '95'), 
     ('20', 'Motown The Musical', 'Musical, Drama', '2hrs40mins', '88'), 
     ('21', 'Newsies The Musical', 'Musical, Comedy, Kids-friendly', '2hrs20mins', '93'), 
     ('22', 'No Man\'s Land', 'Play, Drama', '2hrs', '90'), 
     ('23', 'Pippin', 'Musical, 2013 Tony Winners', '2hrs30mins', '93'), 
     ('24', 'Rock of Ages', 'Musical', '2hrs20mins', '88'), 
     ('25', 'Cinderella', 'Musical, 2013 Tony Winners', '2hrs15mins', '90'), 
     ('26', 'Spider-man: Turn Off The Dark', 'Musical, Spectacle', '2hrs30mins', '93'), 
     ('27', 'The Book of Mormon', 'Musical, Comedy', '2hrs15mins', '83'), 
     ('28', 'The Glass Menagerie', 'Plays, Classics', '2hrs15mins', '85'), 
     ('29', 'Twelfth Night', 'Play, Comedy', '3hrs', '90'), 
     ('30', 'Waiting for Godot', 'Play, Drama', '2hrs30mins', '88');
INSERT INTO `location` (`LID`, `Theater`, `Address`, `Zipcode`) VALUES
('LID', 'Theater', 'Address', 'ZipCode'),
('NYNY0001', 'Minskoff Th', '200 West 45', 'NY10036'),
('NYNY0002', 'Majestic Th', '247 West 44', 'NY10036'),
('NYNY0003', 'August Wils', '245 West 52', 'NY10019'),
('NYNY0004', 'Gershwin Th', '222 West 51', 'NY10019'),
('NYNY0005', 'Bernard B. ', '242 W 45th ', 'NY10036'),
('NYNY0006', 'Longacre Th', '220 West 48', 'NY10036'),
('NYNY0007', 'Broadhurst ', '235 West 44', 'NY10036'),
('NYNY0008', 'Ambassador ', '219 West 49', 'NY10036'),
('NYNY0009', ' Belasco Th', '111 West 44', 'NY10036'),
('NYNY0010', ' Walter Ker', '219 West 48', 'NY10036'),
('NYNY0011', ' Lyceum The', '149 West 45', 'NY10036'),
('NYNY0012', 'Brooks Atki', '256 West 47', 'NY10036'),
('NYNY0013', ' Palace The', '1564 Broadw', 'NY10036'),
('NYNY0014', ' Imperial T', '249 West 45', 'NY10036'),
('NYNY0015', 'Ethel Barry', '243 West 47', 'NY10036'),
('NYNY0016', 'Neil Simon ', '250 West 52', 'NY10036'),
('NYNY0017', 'Al Hirschfe', '302 West 45', 'NY10036'),
('NYNY0018', 'Vivian Beau', '150 West 65', 'NY10023'),
('NYNY0019', 'Shubert The', '225 West 44', 'NY10036'),
('NYNY0020', ' Lunt-Fonta', '205 West 46', 'NY10036'),
('NYNY0021', ' Nederlande', '208 W. 41st', 'NY10036'),
('NYNY0022', 'Cort Theatr', '138 West 48', 'NY10019'),
('NYNY0023', ' Music Box ', '239 West 45', 'NY10036'),
('NYNY0024', 'Helen Hayes', '240 West 44', 'NY10019'),
('NYNY0025', 'Broadway Th', '1681 Broadw', 'NY10019'),
('NYNY0026', 'Foxwoods Th', '213 West 42', 'NY10036'),
('NYNY0027', ' Eugene O''N', '230 West 49', 'NY10019'),
('NYNY0028', ' Booth Thea', '222 West 45', 'NY10036');

INSERT INTO `USER` VALUES
('jliu88', 'Jing Liu', '2013-11-28', 'Female', '24', '123456'),
('schen97', 'Sixiang Chen', '2013-12-20', 'Female', '20', '567890');

INSERT INTO `artist` VALUES  
('13501', 'Mary Michael Patterson', 'Female'), 
('13502', 'Hugh Panaro', 'Male'), 
('13503', 'Jason Raize', 'Male'), 
('13504', 'John Vickery', 'Male'), 
('13505', 'Dominic Scaglione Jr.', 'Male'), 
('13506', 'Drew Gehling', 'Male'), 
('13507', 'Lindsay Mendez', 'Female'), 
('13508', 'Alli Mauzey', 'Female'), 
('13509', 'Paul Alexander Nolan', 'Male'), 
('13510', 'Joanna Christie', 'Female'), 
('13511', 'Zachary Levi', 'Male'), 
('13512', 'Krysta Rodriguez', 'Female'), 
('13513', 'Judy Mclane', 'Female'), 
('13514', 'Laurie Veldheer', 'Female'), 
('13515', 'Bianca Marroquin', 'Female'), 
('13516', 'Ryan Silverman', 'Male'), 
('13517', 'Mark Rylance', 'Male'), 
('13518', 'Samuel Barnett', 'Female'), 
('13519', 'Jefferson Mays', 'Male'), 
('13520', 'Bryce Pinkham', 'Male'), 
('13521', 'Mary Bridget Davis', 'Female'), 
('13522', 'de\'Adre Aziza', 'Male'), 
('13523', 'Fantasia Barrino', 'Female'), 
('13524', 'Dule Hill', 'Male'), 
('13525', 'Clarke Thorell', 'Male'), 
('13526', 'Jane Blass', 'Female'), 
('13527', 'Billy Crystal', 'Male'), 
('13528', 'Daniel Craig', 'Male'), 
('13529', 'Rafe Spall', 'Male'), 
('13530', 'Rachel Weisz', 'Female'), 
('13531', 'Kate Baldwin', 'Female'), 
('13532', 'Norbert Leo Butz', 'Male'), 
('13533', 'Billy Porter', 'Male'), 
('13534', 'Stark Sands', 'Male'), 
('13535', 'Bianca Amato', 'Female'), 
('13536', 'Ethan Hawke', 'Male'), 
('13537', 'Gabriel Ebert', 'Male'), 
('13538', 'Sophia Gennusa', 'Female'), 
('13539', 'Charl Brown', 'Male'), 
('13540', 'Bryan Terrell Clark', 'Male'), 
('13541', 'John Dossett', 'Male'), 
('13542', 'Joshua Colley', 'Male'), 
('13543', 'Billy Crudup ', 'Male'), 
('13544', 'Shuler Hensley', 'Male'), 
('13545', 'Matthew James Thomas', 'Male'), 
('13546', 'Patina Miller ', 'Female'), 
('13547', 'Tessa Alves', 'Female'), 
('13548', 'Amy Spanger ', 'Female'), 
('13549', 'Laura Osnes', 'Female'), 
('13550', 'Santino Fontana', 'Male'), 
('13551', 'Justin Matthew Sargent', 'Male'), 
('13552', 'Rebecca Faulkenberry', 'Female'), 
('13553', 'Matt Doyle', 'Male'), 
('13554', 'Cody Jamison Strand', 'Male'), 
('13555', 'Cherry Jones', 'Female'), 
('13556', 'Celia Keenan-Bolger', 'Female'), 
('13557', 'Mark Rylance', 'Male'), 
('13558', 'Stephen Fry', 'Male'), 
('13559', 'Ian McKellen', 'Male'), 
('13560', 'Patrick Stewart', 'Male');

	 
INSERT INTO `show_instance` VALUES  
('10001', '1', '30', '29'), 
('20001', '2', '30', '30'), 
('30001', '3', '30', '30'), 
('40001', '4', '30', '30'), 
('50001', '5', '30', '30'), 
('60001', '6', '30', '30'), 
('70001', '7', '30', '30'), 
('80001', '8', '30', '30'), 
('90001', '9', '30', '30'), 
('100001', '10', '30', '30'), 
('110001', '11', '30', '30'), 
('120001', '12', '30', '30'), 
('130001', '13', '30', '30'), 
('140001', '14', '30', '30'), 
('150001', '15', '30', '30'), 
('160001', '16', '30', '30'), 
('170001', '17', '30', '30'), 
('180001', '18', '30', '30'), 
('190001', '19', '30', '30'), 
('200001', '20', '30', '30'), 
('210001', '21', '30', '30'), 
('220001', '22', '30', '30'), 
('230001', '23', '30', '30'), 
('240001', '24', '30', '30'), 
('250001', '25', '30', '30'), 
('260001', '26', '30', '28'), 
('270001', '27', '30', '30'), 
('280001', '28', '30', '30'), 
('290001', '29', '30', '30'), 
('300001', '30', '30', '30'), 
('10002', '1', '30', '30'), 
('20002', '2', '30', '29'), 
('30002', '3', '30', '30'), 
('40002', '4', '30', '30'), 
('50002', '5', '30', '30'), 
('60002', '6', '30', '30'), 
('70002', '7', '30', '30'), 
('80002', '8', '30', '30'), 
('90002', '9', '30', '30'), 
('100002', '10', '30', '30'), 
('110002', '11', '30', '30'), 
('120002', '12', '30', '30'), 
('130002', '13', '30', '30'), 
('140002', '14', '30', '30'), 
('150002', '15', '30', '30'), 
('160002', '16', '30', '30'), 
('170002', '17', '30', '30'), 
('180002', '18', '30', '30'), 
('190002', '19', '30', '30'), 
('200002', '20', '30', '30'), 
('210002', '21', '30', '30'), 
('220002', '22', '30', '30'), 
('230002', '23', '30', '30'), 
('240002', '24', '30', '30'), 
('250002', '25', '30', '30'), 
('260002', '26', '30', '30'), 
('270002', '27', '30', '30'), 
('280002', '28', '30', '30'), 
('290002', '29', '30', '30'), 
('300002', '30', '30', '30');

	 
INSERT INTO `ticket` VALUES  
('0010001A01', '255.25', 'Orchestra'), 
('0010001A02', '255.25', 'Orchestra'), 
('0010001A03', '255.25', 'Orchestra'), 
('0010001A04', '255.25', 'Orchestra'), 
('0010001A05', '255.25', 'Orchestra'), 
('0010001A06', '255.25', 'Orchestra'), 
('0010001A07', '255.25', 'Orchestra'), 
('0010001A08', '255.25', 'Orchestra'), 
('0010001A09', '255.25', 'Orchestra'), 
('0010001A10', '255.25', 'Orchestra'), 
('0010001B01', '218.7', 'Front Mezzanine'), 
('0010001B02', '218.7', 'Front Mezzanine'), 
('0010001B03', '218.7', 'Front Mezzanine'), 
('0010001B04', '218.7', 'Front Mezzanine'), 
('0010001B05', '218.7', 'Front Mezzanine'), 
('0010001B06', '218.7', 'Front Mezzanine'), 
('0010001B07', '218.7', 'Front Mezzanine'), 
('0010001B08', '218.7', 'Front Mezzanine'), 
('0010001B09', '218.7', 'Front Mezzanine'), 
('0010001B10', '218.7', 'Front Mezzanine'), 
('0010001C01', '133.65', 'Rear Mezzanine'), 
('0010001C02', '133.65', 'Rear Mezzanine'), 
('0010001C03', '133.65', 'Rear Mezzanine'), 
('0010001C04', '133.65', 'Rear Mezzanine'), 
('0010001C05', '133.65', 'Rear Mezzanine'), 
('0010001C06', '133.65', 'Rear Mezzanine'), 
('0010001C07', '133.65', 'Rear Mezzanine'), 
('0010001C08', '133.65', 'Rear Mezzanine'), 
('0010001C09', '133.65', 'Rear Mezzanine'), 
('0010001C10', '133.65', 'Rear Mezzanine'), 
('0010002A01', '255.15', 'Orchestra'), 
('0010002A02', '255.15', 'Orchestra'), 
('0010002A03', '255.15', 'Orchestra'), 
('0010002A04', '255.15', 'Orchestra'), 
('0010002A05', '255.15', 'Orchestra'), 
('0010002A06', '255.15', 'Orchestra'), 
('0010002A07', '255.15', 'Orchestra'), 
('0010002A08', '255.15', 'Orchestra'), 
('0010002A09', '255.15', 'Orchestra'), 
('0010002A10', '255.15', 'Orchestra'), 
('0010002B01', '198.45', 'Front Mezzanine'), 
('0010002B02', '198.45', 'Front Mezzanine'), 
('0010002B03', '198.45', 'Front Mezzanine'), 
('0010002B04', '198.45', 'Front Mezzanine'), 
('0010002B05', '198.45', 'Front Mezzanine'), 
('0010002B06', '198.45', 'Front Mezzanine'), 
('0010002B07', '198.45', 'Front Mezzanine'), 
('0010002B08', '198.45', 'Front Mezzanine'), 
('0010002B09', '198.45', 'Front Mezzanine'), 
('0010002B10', '198.45', 'Front Mezzanine'), 
('0010002C01', '133.65', 'Rear Mezzanine'), 
('0010002C02', '133.65', 'Rear Mezzanine'), 
('0010002C03', '133.65', 'Rear Mezzanine'), 
('0010002C04', '133.65', 'Rear Mezzanine'), 
('0010002C05', '133.65', 'Rear Mezzanine'), 
('0010002C06', '133.65', 'Rear Mezzanine'), 
('0010002C07', '133.65', 'Rear Mezzanine'), 
('0010002C08', '133.65', 'Rear Mezzanine'), 
('0010002C09', '133.65', 'Rear Mezzanine'), 
('0010002C10', '133.65', 'Rear Mezzanine'), 
('0020001A01', '184.95', 'Orchestra'), 
('0020001A02', '184.95', 'Orchestra'), 
('0020001A03', '184.95', 'Orchestra'), 
('0020001A04', '184.95', 'Orchestra'), 
('0020001A05', '184.95', 'Orchestra'), 
('0020001A06', '184.95', 'Orchestra'), 
('0020001A07', '184.95', 'Orchestra'), 
('0020001A08', '184.95', 'Orchestra'), 
('0020001A09', '184.95', 'Orchestra'), 
('0020001A10', '184.95', 'Orchestra'), 
('0020001B01', '124.2', 'Front Mezzanine'), 
('0020001B02', '124.2', 'Front Mezzanine'), 
('0020001B03', '124.2', 'Front Mezzanine'), 
('0020001B04', '124.2', 'Front Mezzanine'), 
('0020001B05', '124.2', 'Front Mezzanine'), 
('0020001B06', '124.2', 'Front Mezzanine'), 
('0020001B07', '124.2', 'Front Mezzanine'), 
('0020001B08', '124.2', 'Front Mezzanine'), 
('0020001B09', '124.2', 'Front Mezzanine'), 
('0020001B10', '124.2', 'Front Mezzanine'), 
('0020001C01', '97.2', 'Rear Mezzanine'), 
('0020001C02', '97.2', 'Rear Mezzanine'), 
('0020001C03', '97.2', 'Rear Mezzanine'), 
('0020001C04', '97.2', 'Rear Mezzanine'), 
('0020001C05', '97.2', 'Rear Mezzanine'), 
('0020001C06', '97.2', 'Rear Mezzanine'), 
('0020001C07', '97.2', 'Rear Mezzanine'), 
('0020001C08', '97.2', 'Rear Mezzanine'), 
('0020001C09', '97.2', 'Rear Mezzanine'), 
('0020001C10', '97.2', 'Rear Mezzanine'), 
('0020002A01', '184.95', 'Orchestra'), 
('0020002A02', '184.95', 'Orchestra'), 
('0020002A03', '184.95', 'Orchestra'), 
('0020002A04', '184.95', 'Orchestra'), 
('0020002A05', '184.95', 'Orchestra'), 
('0020002A06', '184.95', 'Orchestra'), 
('0020002A07', '184.95', 'Orchestra'), 
('0020002A08', '184.95', 'Orchestra'), 
('0020002A09', '184.95', 'Orchestra'), 
('0020002A10', '184.95', 'Orchestra'), 
('0020002B01', '124.2', 'Front Mezzanine'), 
('0020002B02', '124.2', 'Front Mezzanine'), 
('0020002B03', '124.2', 'Front Mezzanine'), 
('0020002B04', '124.2', 'Front Mezzanine'), 
('0020002B05', '124.2', 'Front Mezzanine'), 
('0020002B06', '124.2', 'Front Mezzanine'), 
('0020002B07', '124.2', 'Front Mezzanine'), 
('0020002B08', '124.2', 'Front Mezzanine'), 
('0020002B09', '124.2', 'Front Mezzanine'), 
('0020002B10', '124.2', 'Front Mezzanine'), 
('0020002C01', '97.2', 'Rear Mezzanine'), 
('0020002C02', '97.2', 'Rear Mezzanine'), 
('0020002C03', '97.2', 'Rear Mezzanine'), 
('0020002C04', '97.2', 'Rear Mezzanine'), 
('0020002C05', '97.2', 'Rear Mezzanine'), 
('0020002C06', '97.2', 'Rear Mezzanine'), 
('0020002C07', '97.2', 'Rear Mezzanine'), 
('0020002C08', '97.2', 'Rear Mezzanine'), 
('0020002C09', '97.2', 'Rear Mezzanine'), 
('0020002C10', '97.2', 'Rear Mezzanine'), 
('0030001A01', '319.95', 'Orchestra'), 
('0030001A02', '319.95', 'Orchestra'), 
('0030001A03', '319.95', 'Orchestra'), 
('0030001A04', '319.95', 'Orchestra'), 
('0030001A05', '319.95', 'Orchestra'), 
('0030001A06', '319.95', 'Orchestra'), 
('0030001A07', '319.95', 'Orchestra'), 
('0030001A08', '319.95', 'Orchestra'), 
('0030001A09', '319.95', 'Orchestra'), 
('0030001A10', '319.95', 'Orchestra'), 
('0030001B01', '198.45', 'Front Mezzanine'), 
('0030001B02', '198.45', 'Front Mezzanine'), 
('0030001B03', '198.45', 'Front Mezzanine'), 
('0030001B04', '198.45', 'Front Mezzanine'), 
('0030001B05', '198.45', 'Front Mezzanine'), 
('0030001B06', '198.45', 'Front Mezzanine'), 
('0030001B07', '198.45', 'Front Mezzanine'), 
('0030001B08', '198.45', 'Front Mezzanine'), 
('0030001B09', '198.45', 'Front Mezzanine'), 
('0030001B10', '198.45', 'Front Mezzanine'), 
('0030001C01', '130.95', 'Rear Mezzanine'), 
('0030001C02', '130.95', 'Rear Mezzanine'), 
('0030001C03', '130.95', 'Rear Mezzanine'), 
('0030001C04', '130.95', 'Rear Mezzanine'), 
('0030001C05', '130.95', 'Rear Mezzanine'), 
('0030001C06', '130.95', 'Rear Mezzanine'), 
('0030001C07', '130.95', 'Rear Mezzanine'), 
('0030001C08', '130.95', 'Rear Mezzanine'), 
('0030001C09', '130.95', 'Rear Mezzanine'), 
('0030001C10', '130.95', 'Rear Mezzanine'), 
('0030002A01', '319.95', 'Orchestra'), 
('0030002A02', '319.95', 'Orchestra'), 
('0030002A03', '319.95', 'Orchestra'), 
('0030002A04', '319.95', 'Orchestra'), 
('0030002A05', '319.95', 'Orchestra'), 
('0030002A06', '319.95', 'Orchestra'), 
('0030002A07', '319.95', 'Orchestra'), 
('0030002A08', '319.95', 'Orchestra'), 
('0030002A09', '319.95', 'Orchestra'), 
('0030002A10', '319.95', 'Orchestra'), 
('0030002B01', '198.45', 'Front Mezzanine'), 
('0030002B02', '198.45', 'Front Mezzanine'), 
('0030002B03', '198.45', 'Front Mezzanine'), 
('0030002B04', '198.45', 'Front Mezzanine'), 
('0030002B05', '198.45', 'Front Mezzanine'), 
('0030002B06', '198.45', 'Front Mezzanine'), 
('0030002B07', '198.45', 'Front Mezzanine'), 
('0030002B08', '198.45', 'Front Mezzanine'), 
('0030002B09', '198.45', 'Front Mezzanine'), 
('0030002B10', '198.45', 'Front Mezzanine'), 
('0030002C01', '130.95', 'Rear Mezzanine'), 
('0030002C02', '130.95', 'Rear Mezzanine'), 
('0030002C03', '130.95', 'Rear Mezzanine'), 
('0030002C04', '130.95', 'Rear Mezzanine'), 
('0030002C05', '130.95', 'Rear Mezzanine'), 
('0030002C06', '130.95', 'Rear Mezzanine'), 
('0030002C07', '130.95', 'Rear Mezzanine'), 
('0030002C08', '130.95', 'Rear Mezzanine'), 
('0030002C09', '130.95', 'Rear Mezzanine'), 
('0030002C10', '130.95', 'Rear Mezzanine'), 
('0040001A01', '205.2', 'Orchestra'), 
('0040001A02', '205.2', 'Orchestra'), 
('0040001A03', '205.2', 'Orchestra'), 
('0040001A04', '205.2', 'Orchestra'), 
('0040001A05', '205.2', 'Orchestra'), 
('0040001A06', '205.2', 'Orchestra'), 
('0040001A07', '205.2', 'Orchestra'), 
('0040001A08', '205.2', 'Orchestra'), 
('0040001A09', '205.2', 'Orchestra'), 
('0040001A10', '205.2', 'Orchestra'), 
('0040001B01', '157.95', 'Front Mezzanine'), 
('0040001B02', '157.95', 'Front Mezzanine'), 
('0040001B03', '157.95', 'Front Mezzanine'), 
('0040001B04', '157.95', 'Front Mezzanine'), 
('0040001B05', '157.95', 'Front Mezzanine'), 
('0040001B06', '157.95', 'Front Mezzanine'), 
('0040001B07', '157.95', 'Front Mezzanine'), 
('0040001B08', '157.95', 'Front Mezzanine'), 
('0040001B09', '157.95', 'Front Mezzanine'), 
('0040001B10', '157.95', 'Front Mezzanine'), 
('0040001C01', '151.2', 'Rear Mezzanine'), 
('0040001C02', '151.2', 'Rear Mezzanine'), 
('0040001C03', '151.2', 'Rear Mezzanine'), 
('0040001C04', '151.2', 'Rear Mezzanine'), 
('0040001C05', '151.2', 'Rear Mezzanine'), 
('0040001C06', '151.2', 'Rear Mezzanine'), 
('0040001C07', '151.2', 'Rear Mezzanine'), 
('0040001C08', '151.2', 'Rear Mezzanine'), 
('0040001C09', '151.2', 'Rear Mezzanine'), 
('0040001C10', '151.2', 'Rear Mezzanine'), 
('0040002A01', '205.2', 'Orchestra'), 
('0040002A02', '205.2', 'Orchestra'), 
('0040002A03', '205.2', 'Orchestra'), 
('0040002A04', '205.2', 'Orchestra'), 
('0040002A05', '205.2', 'Orchestra'), 
('0040002A06', '205.2', 'Orchestra'), 
('0040002A07', '205.2', 'Orchestra'), 
('0040002A08', '205.2', 'Orchestra'), 
('0040002A09', '205.2', 'Orchestra'), 
('0040002A10', '205.2', 'Orchestra'), 
('0040002B01', '157.95', 'Front Mezzanine'), 
('0040002B02', '157.95', 'Front Mezzanine'), 
('0040002B03', '157.95', 'Front Mezzanine'), 
('0040002B04', '157.95', 'Front Mezzanine'), 
('0040002B05', '157.95', 'Front Mezzanine'), 
('0040002B06', '157.95', 'Front Mezzanine'), 
('0040002B07', '157.95', 'Front Mezzanine'), 
('0040002B08', '157.95', 'Front Mezzanine'), 
('0040002B09', '157.95', 'Front Mezzanine'), 
('0040002B10', '157.95', 'Front Mezzanine'), 
('0040002C01', '151.2', 'Rear Mezzanine'), 
('0040002C02', '151.2', 'Rear Mezzanine'), 
('0040002C03', '151.2', 'Rear Mezzanine'), 
('0040002C04', '151.2', 'Rear Mezzanine'), 
('0040002C05', '151.2', 'Rear Mezzanine'), 
('0040002C06', '151.2', 'Rear Mezzanine'), 
('0040002C07', '151.2', 'Rear Mezzanine'), 
('0040002C08', '151.2', 'Rear Mezzanine'), 
('0040002C09', '151.2', 'Rear Mezzanine'), 
('0040002C10', '151.2', 'Rear Mezzanine'), 
('0050001A01', '191.7', 'Orchestra'), 
('0050001A02', '191.7', 'Orchestra'), 
('0050001A03', '191.7', 'Orchestra'), 
('0050001A04', '191.7', 'Orchestra'), 
('0050001A05', '191.7', 'Orchestra'), 
('0050001A06', '191.7', 'Orchestra'), 
('0050001A07', '191.7', 'Orchestra'), 
('0050001A08', '191.7', 'Orchestra'), 
('0050001A09', '191.7', 'Orchestra'), 
('0050001A10', '191.7', 'Orchestra'), 
('0050001B01', '135', 'Front Mezzanine'), 
('0050001B02', '135', 'Front Mezzanine'), 
('0050001B03', '135', 'Front Mezzanine'), 
('0050001B04', '135', 'Front Mezzanine'), 
('0050001B05', '135', 'Front Mezzanine'), 
('0050001B06', '135', 'Front Mezzanine'), 
('0050001B07', '135', 'Front Mezzanine'), 
('0050001B08', '135', 'Front Mezzanine'), 
('0050001B09', '135', 'Front Mezzanine'), 
('0050001B10', '135', 'Front Mezzanine'), 
('0050001C01', '90.45', 'Rear Mezzanine'), 
('0050001C02', '90.45', 'Rear Mezzanine'), 
('0050001C03', '90.45', 'Rear Mezzanine'), 
('0050001C04', '90.45', 'Rear Mezzanine'), 
('0050001C05', '90.45', 'Rear Mezzanine'), 
('0050001C06', '90.45', 'Rear Mezzanine'), 
('0050001C07', '90.45', 'Rear Mezzanine'), 
('0050001C08', '90.45', 'Rear Mezzanine'), 
('0050001C09', '90.45', 'Rear Mezzanine'), 
('0050001C10', '90.45', 'Rear Mezzanine'), 
('0050002A01', '191.7', 'Orchestra'), 
('0050002A02', '191.7', 'Orchestra'), 
('0050002A03', '191.7', 'Orchestra'), 
('0050002A04', '191.7', 'Orchestra'), 
('0050002A05', '191.7', 'Orchestra'), 
('0050002A06', '191.7', 'Orchestra'), 
('0050002A07', '191.7', 'Orchestra'), 
('0050002A08', '191.7', 'Orchestra'), 
('0050002A09', '191.7', 'Orchestra'), 
('0050002A10', '191.7', 'Orchestra'), 
('0050002B01', '135', 'Front Mezzanine'), 
('0050002B02', '135', 'Front Mezzanine'), 
('0050002B03', '135', 'Front Mezzanine'), 
('0050002B04', '135', 'Front Mezzanine'), 
('0050002B05', '135', 'Front Mezzanine'), 
('0050002B06', '135', 'Front Mezzanine'), 
('0050002B07', '135', 'Front Mezzanine'), 
('0050002B08', '135', 'Front Mezzanine'), 
('0050002B09', '135', 'Front Mezzanine'), 
('0050002B10', '135', 'Front Mezzanine'), 
('0050002C01', '90.45', 'Rear Mezzanine'), 
('0050002C02', '90.45', 'Rear Mezzanine'), 
('0050002C03', '90.45', 'Rear Mezzanine'), 
('0050002C04', '90.45', 'Rear Mezzanine'), 
('0050002C05', '90.45', 'Rear Mezzanine'), 
('0050002C06', '90.45', 'Rear Mezzanine'), 
('0050002C07', '90.45', 'Rear Mezzanine'), 
('0050002C08', '90.45', 'Rear Mezzanine'), 
('0050002C09', '90.45', 'Rear Mezzanine'), 
('0050002C10', '90.45', 'Rear Mezzanine'), 
('0060001A01', '184.95', 'Orchestra'), 
('0060001A02', '184.95', 'Orchestra'), 
('0060001A03', '184.95', 'Orchestra'), 
('0060001A04', '184.95', 'Orchestra'), 
('0060001A05', '184.95', 'Orchestra'), 
('0060001A06', '184.95', 'Orchestra'), 
('0060001A07', '184.95', 'Orchestra'), 
('0060001A08', '184.95', 'Orchestra'), 
('0060001A09', '184.95', 'Orchestra'), 
('0060001A10', '184.95', 'Orchestra'), 
('0060001B01', '124.2', 'Front Mezzanine'), 
('0060001B02', '124.2', 'Front Mezzanine'), 
('0060001B03', '124.2', 'Front Mezzanine'), 
('0060001B04', '124.2', 'Front Mezzanine'), 
('0060001B05', '124.2', 'Front Mezzanine'), 
('0060001B06', '124.2', 'Front Mezzanine'), 
('0060001B07', '124.2', 'Front Mezzanine'), 
('0060001B08', '124.2', 'Front Mezzanine'), 
('0060001B09', '124.2', 'Front Mezzanine'), 
('0060001B10', '124.2', 'Front Mezzanine'), 
('0060001C01', '67.5', 'Rear Mezzanine'), 
('0060001C02', '67.5', 'Rear Mezzanine'), 
('0060001C03', '67.5', 'Rear Mezzanine'), 
('0060001C04', '67.5', 'Rear Mezzanine'), 
('0060001C05', '67.5', 'Rear Mezzanine'), 
('0060001C06', '67.5', 'Rear Mezzanine'), 
('0060001C07', '67.5', 'Rear Mezzanine'), 
('0060001C08', '67.5', 'Rear Mezzanine'), 
('0060001C09', '67.5', 'Rear Mezzanine'), 
('0060001C10', '67.5', 'Rear Mezzanine'), 
('0060002A01', '184.95', 'Orchestra'), 
('0060002A02', '184.95', 'Orchestra'), 
('0060002A03', '184.95', 'Orchestra'), 
('0060002A04', '184.95', 'Orchestra'), 
('0060002A05', '184.95', 'Orchestra'), 
('0060002A06', '184.95', 'Orchestra'), 
('0060002A07', '184.95', 'Orchestra'), 
('0060002A08', '184.95', 'Orchestra'), 
('0060002A09', '184.95', 'Orchestra'), 
('0060002A10', '184.95', 'Orchestra'), 
('0060002B01', '124.2', 'Front Mezzanine'), 
('0060002B02', '124.2', 'Front Mezzanine'), 
('0060002B03', '124.2', 'Front Mezzanine'), 
('0060002B04', '124.2', 'Front Mezzanine'), 
('0060002B05', '124.2', 'Front Mezzanine'), 
('0060002B06', '124.2', 'Front Mezzanine'), 
('0060002B07', '124.2', 'Front Mezzanine'), 
('0060002B08', '124.2', 'Front Mezzanine'), 
('0060002B09', '124.2', 'Front Mezzanine'), 
('0060002B10', '124.2', 'Front Mezzanine'), 
('0060002C01', '67.5', 'Rear Mezzanine'), 
('0060002C02', '67.5', 'Rear Mezzanine'), 
('0060002C03', '67.5', 'Rear Mezzanine'), 
('0060002C04', '67.5', 'Rear Mezzanine'), 
('0060002C05', '67.5', 'Rear Mezzanine'), 
('0060002C06', '67.5', 'Rear Mezzanine'), 
('0060002C07', '67.5', 'Rear Mezzanine'), 
('0060002C08', '67.5', 'Rear Mezzanine'), 
('0060002C09', '67.5', 'Rear Mezzanine'), 
('0060002C10', '67.5', 'Rear Mezzanine'), 
('0070001A01', '178.2', 'Orchestra'), 
('0070001A02', '178.2', 'Orchestra'), 
('0070001A03', '178.2', 'Orchestra'), 
('0070001A04', '178.2', 'Orchestra'), 
('0070001A05', '178.2', 'Orchestra'), 
('0070001A06', '178.2', 'Orchestra'), 
('0070001A07', '178.2', 'Orchestra'), 
('0070001A08', '178.2', 'Orchestra'), 
('0070001A09', '178.2', 'Orchestra'), 
('0070001A10', '178.2', 'Orchestra'), 
('0070001B01', '94.5', 'Front Mezzanine'), 
('0070001B02', '94.5', 'Front Mezzanine'), 
('0070001B03', '94.5', 'Front Mezzanine'), 
('0070001B04', '94.5', 'Front Mezzanine'), 
('0070001B05', '94.5', 'Front Mezzanine'), 
('0070001B06', '94.5', 'Front Mezzanine'), 
('0070001B07', '94.5', 'Front Mezzanine'), 
('0070001B08', '94.5', 'Front Mezzanine'), 
('0070001B09', '94.5', 'Front Mezzanine'), 
('0070001B10', '94.5', 'Front Mezzanine'), 
('0070001C01', '87.75', 'Rear Mezzanine'), 
('0070001C02', '87.75', 'Rear Mezzanine'), 
('0070001C03', '87.75', 'Rear Mezzanine'), 
('0070001C04', '87.75', 'Rear Mezzanine'), 
('0070001C05', '87.75', 'Rear Mezzanine'), 
('0070001C06', '87.75', 'Rear Mezzanine'), 
('0070001C07', '87.75', 'Rear Mezzanine'), 
('0070001C08', '87.75', 'Rear Mezzanine'), 
('0070001C09', '87.75', 'Rear Mezzanine'), 
('0070001C10', '87.75', 'Rear Mezzanine'), 
('0070002A01', '178.2', 'Orchestra'), 
('0070002A02', '178.2', 'Orchestra'), 
('0070002A03', '178.2', 'Orchestra'), 
('0070002A04', '178.2', 'Orchestra'), 
('0070002A05', '178.2', 'Orchestra'), 
('0070002A06', '178.2', 'Orchestra'), 
('0070002A07', '178.2', 'Orchestra'), 
('0070002A08', '178.2', 'Orchestra'), 
('0070002A09', '178.2', 'Orchestra'), 
('0070002A10', '178.2', 'Orchestra'), 
('0070002B01', '94.5', 'Front Mezzanine'), 
('0070002B02', '94.5', 'Front Mezzanine'), 
('0070002B03', '94.5', 'Front Mezzanine'), 
('0070002B04', '94.5', 'Front Mezzanine'), 
('0070002B05', '94.5', 'Front Mezzanine'), 
('0070002B06', '94.5', 'Front Mezzanine'), 
('0070002B07', '94.5', 'Front Mezzanine'), 
('0070002B08', '94.5', 'Front Mezzanine'), 
('0070002B09', '94.5', 'Front Mezzanine'), 
('0070002B10', '94.5', 'Front Mezzanine'), 
('0070002C01', '87.75', 'Rear Mezzanine'), 
('0070002C02', '87.75', 'Rear Mezzanine'), 
('0070002C03', '87.75', 'Rear Mezzanine'), 
('0070002C04', '87.75', 'Rear Mezzanine'), 
('0070002C05', '87.75', 'Rear Mezzanine'), 
('0070002C06', '87.75', 'Rear Mezzanine'), 
('0070002C07', '87.75', 'Rear Mezzanine'), 
('0070002C08', '87.75', 'Rear Mezzanine'), 
('0070002C09', '87.75', 'Rear Mezzanine'), 
('0070002C10', '87.75', 'Rear Mezzanine'), 
('0080001A01', '191.7', 'Orchestra'), 
('0080001A02', '191.7', 'Orchestra'), 
('0080001A03', '191.7', 'Orchestra'), 
('0080001A04', '191.7', 'Orchestra'), 
('0080001A05', '191.7', 'Orchestra'), 
('0080001A06', '191.7', 'Orchestra'), 
('0080001A07', '191.7', 'Orchestra'), 
('0080001A08', '191.7', 'Orchestra'), 
('0080001A09', '191.7', 'Orchestra'), 
('0080001A10', '191.7', 'Orchestra'), 
('0080001B01', '147.15', 'Front Mezzanine'), 
('0080001B02', '147.15', 'Front Mezzanine'), 
('0080001B03', '147.15', 'Front Mezzanine'), 
('0080001B04', '147.15', 'Front Mezzanine'), 
('0080001B05', '147.15', 'Front Mezzanine'), 
('0080001B06', '147.15', 'Front Mezzanine'), 
('0080001B07', '147.15', 'Front Mezzanine'), 
('0080001B08', '147.15', 'Front Mezzanine'), 
('0080001B09', '147.15', 'Front Mezzanine'), 
('0080001B10', '147.15', 'Front Mezzanine'), 
('0080001C01', '120.83', 'Rear Mezzanine'), 
('0080001C02', '120.83', 'Rear Mezzanine'), 
('0080001C03', '120.83', 'Rear Mezzanine'), 
('0080001C04', '120.83', 'Rear Mezzanine'), 
('0080001C05', '120.83', 'Rear Mezzanine'), 
('0080001C06', '120.83', 'Rear Mezzanine'), 
('0080001C07', '120.83', 'Rear Mezzanine'), 
('0080001C08', '120.83', 'Rear Mezzanine'), 
('0080001C09', '120.83', 'Rear Mezzanine'), 
('0080001C10', '120.83', 'Rear Mezzanine'), 
('0080002A01', '191.7', 'Orchestra'), 
('0080002A02', '191.7', 'Orchestra'), 
('0080002A03', '191.7', 'Orchestra'), 
('0080002A04', '191.7', 'Orchestra'), 
('0080002A05', '191.7', 'Orchestra'), 
('0080002A06', '191.7', 'Orchestra'), 
('0080002A07', '191.7', 'Orchestra'), 
('0080002A08', '191.7', 'Orchestra'), 
('0080002A09', '191.7', 'Orchestra'), 
('0080002A10', '191.7', 'Orchestra'), 
('0080002B01', '147.15', 'Front Mezzanine'), 
('0080002B02', '147.15', 'Front Mezzanine'), 
('0080002B03', '147.15', 'Front Mezzanine'), 
('0080002B04', '147.15', 'Front Mezzanine'), 
('0080002B05', '147.15', 'Front Mezzanine'), 
('0080002B06', '147.15', 'Front Mezzanine'), 
('0080002B07', '147.15', 'Front Mezzanine'), 
('0080002B08', '147.15', 'Front Mezzanine'), 
('0080002B09', '147.15', 'Front Mezzanine'), 
('0080002B10', '147.15', 'Front Mezzanine'), 
('0080002C01', '120.83', 'Rear Mezzanine'), 
('0080002C02', '120.83', 'Rear Mezzanine'), 
('0080002C03', '120.83', 'Rear Mezzanine'), 
('0080002C04', '120.83', 'Rear Mezzanine'), 
('0080002C05', '120.83', 'Rear Mezzanine'), 
('0080002C06', '120.83', 'Rear Mezzanine'), 
('0080002C07', '120.83', 'Rear Mezzanine'), 
('0080002C08', '120.83', 'Rear Mezzanine'), 
('0080002C09', '120.83', 'Rear Mezzanine'), 
('0080002C10', '120.83', 'Rear Mezzanine'), 
('0090001A01', '184.95', 'Orchestra'), 
('0090001A02', '184.95', 'Orchestra'), 
('0090001A03', '184.95', 'Orchestra'), 
('0090001A04', '184.95', 'Orchestra'), 
('0090001A05', '184.95', 'Orchestra'), 
('0090001A06', '184.95', 'Orchestra'), 
('0090001A07', '184.95', 'Orchestra'), 
('0090001A08', '184.95', 'Orchestra'), 
('0090001A09', '184.95', 'Orchestra'), 
('0090001A10', '184.95', 'Orchestra'), 
('0090001B01', '130.95', 'Front Mezzanine'), 
('0090001B02', '130.95', 'Front Mezzanine'), 
('0090001B03', '130.95', 'Front Mezzanine'), 
('0090001B04', '130.95', 'Front Mezzanine'), 
('0090001B05', '130.95', 'Front Mezzanine'), 
('0090001B06', '130.95', 'Front Mezzanine'), 
('0090001B07', '130.95', 'Front Mezzanine'), 
('0090001B08', '130.95', 'Front Mezzanine'), 
('0090001B09', '130.95', 'Front Mezzanine'), 
('0090001B10', '130.95', 'Front Mezzanine'), 
('0090001C01', '36.45', 'Rear Mezzanine'), 
('0090001C02', '36.45', 'Rear Mezzanine'), 
('0090001C03', '36.45', 'Rear Mezzanine'), 
('0090001C04', '36.45', 'Rear Mezzanine'), 
('0090001C05', '36.45', 'Rear Mezzanine'), 
('0090001C06', '36.45', 'Rear Mezzanine'), 
('0090001C07', '36.45', 'Rear Mezzanine'), 
('0090001C08', '36.45', 'Rear Mezzanine'), 
('0090001C09', '36.45', 'Rear Mezzanine'), 
('0090001C10', '36.45', 'Rear Mezzanine'), 
('0090002A01', '184.95', 'Orchestra'), 
('0090002A02', '184.95', 'Orchestra'), 
('0090002A03', '184.95', 'Orchestra'), 
('0090002A04', '184.95', 'Orchestra'), 
('0090002A05', '184.95', 'Orchestra'), 
('0090002A06', '184.95', 'Orchestra'), 
('0090002A07', '184.95', 'Orchestra'), 
('0090002A08', '184.95', 'Orchestra'), 
('0090002A09', '184.95', 'Orchestra'), 
('0090002A10', '184.95', 'Orchestra'), 
('0090002B01', '130.95', 'Front Mezzanine'), 
('0090002B02', '130.95', 'Front Mezzanine'), 
('0090002B03', '130.95', 'Front Mezzanine'), 
('0090002B04', '130.95', 'Front Mezzanine'), 
('0090002B05', '130.95', 'Front Mezzanine'), 
('0090002B06', '130.95', 'Front Mezzanine'), 
('0090002B07', '130.95', 'Front Mezzanine'), 
('0090002B08', '130.95', 'Front Mezzanine'), 
('0090002B09', '130.95', 'Front Mezzanine'), 
('0090002B10', '130.95', 'Front Mezzanine'), 
('0090002C01', '36.45', 'Rear Mezzanine'), 
('0090002C02', '36.45', 'Rear Mezzanine'), 
('0090002C03', '36.45', 'Rear Mezzanine'), 
('0090002C04', '36.45', 'Rear Mezzanine'), 
('0090002C05', '36.45', 'Rear Mezzanine'), 
('0090002C06', '36.45', 'Rear Mezzanine'), 
('0090002C07', '36.45', 'Rear Mezzanine'), 
('0090002C08', '36.45', 'Rear Mezzanine'), 
('0090002C09', '36.45', 'Rear Mezzanine'), 
('0090002C10', '36.45', 'Rear Mezzanine'), 
('0100001A01', '198.45', 'Orchestra'), 
('0100001A02', '198.45', 'Orchestra'), 
('0100001A03', '198.45', 'Orchestra'), 
('0100001A04', '198.45', 'Orchestra'), 
('0100001A05', '198.45', 'Orchestra'), 
('0100001A06', '198.45', 'Orchestra'), 
('0100001A07', '198.45', 'Orchestra'), 
('0100001A08', '198.45', 'Orchestra'), 
('0100001A09', '198.45', 'Orchestra'), 
('0100001A10', '198.45', 'Orchestra'), 
('0100001B01', '198.45', 'Front Mezzanine'), 
('0100001B02', '198.45', 'Front Mezzanine'), 
('0100001B03', '198.45', 'Front Mezzanine'), 
('0100001B04', '198.45', 'Front Mezzanine'), 
('0100001B05', '198.45', 'Front Mezzanine'), 
('0100001B06', '198.45', 'Front Mezzanine'), 
('0100001B07', '198.45', 'Front Mezzanine'), 
('0100001B08', '198.45', 'Front Mezzanine'), 
('0100001B09', '198.45', 'Front Mezzanine'), 
('0100001B10', '198.45', 'Front Mezzanine'), 
('0100001C01', '147.15', 'Rear Mezzanine'), 
('0100001C02', '147.15', 'Rear Mezzanine'), 
('0100001C03', '147.15', 'Rear Mezzanine'), 
('0100001C04', '147.15', 'Rear Mezzanine'), 
('0100001C05', '147.15', 'Rear Mezzanine'), 
('0100001C06', '147.15', 'Rear Mezzanine'), 
('0100001C07', '147.15', 'Rear Mezzanine'), 
('0100001C08', '147.15', 'Rear Mezzanine'), 
('0100001C09', '147.15', 'Rear Mezzanine'), 
('0100001C10', '147.15', 'Rear Mezzanine'), 
('0100002A01', '198.45', 'Orchestra'), 
('0100002A02', '198.45', 'Orchestra'), 
('0100002A03', '198.45', 'Orchestra'), 
('0100002A04', '198.45', 'Orchestra'), 
('0100002A05', '198.45', 'Orchestra'), 
('0100002A06', '198.45', 'Orchestra'), 
('0100002A07', '198.45', 'Orchestra'), 
('0100002A08', '198.45', 'Orchestra'), 
('0100002A09', '198.45', 'Orchestra'), 
('0100002A10', '198.45', 'Orchestra'), 
('0100002B01', '198.45', 'Front Mezzanine'), 
('0100002B02', '198.45', 'Front Mezzanine'), 
('0100002B03', '198.45', 'Front Mezzanine'), 
('0100002B04', '198.45', 'Front Mezzanine'), 
('0100002B05', '198.45', 'Front Mezzanine'), 
('0100002B06', '198.45', 'Front Mezzanine'), 
('0100002B07', '198.45', 'Front Mezzanine'), 
('0100002B08', '198.45', 'Front Mezzanine'), 
('0100002B09', '198.45', 'Front Mezzanine'), 
('0100002B10', '198.45', 'Front Mezzanine'), 
('0100002C01', '147.15', 'Rear Mezzanine'), 
('0100002C02', '147.15', 'Rear Mezzanine'), 
('0100002C03', '147.15', 'Rear Mezzanine'), 
('0100002C04', '147.15', 'Rear Mezzanine'), 
('0100002C05', '147.15', 'Rear Mezzanine'), 
('0100002C06', '147.15', 'Rear Mezzanine'), 
('0100002C07', '147.15', 'Rear Mezzanine'), 
('0100002C08', '147.15', 'Rear Mezzanine'), 
('0100002C09', '147.15', 'Rear Mezzanine'), 
('0100002C10', '147.15', 'Rear Mezzanine'), 
('0110001A01', '189', 'Orchestra'), 
('0110001A02', '189', 'Orchestra'), 
('0110001A03', '189', 'Orchestra'), 
('0110001A04', '189', 'Orchestra'), 
('0110001A05', '189', 'Orchestra'), 
('0110001A06', '189', 'Orchestra'), 
('0110001A07', '189', 'Orchestra'), 
('0110001A08', '189', 'Orchestra'), 
('0110001A09', '189', 'Orchestra'), 
('0110001A10', '189', 'Orchestra'), 
('0110001B01', '133.65', 'Front Mezzanine'), 
('0110001B02', '133.65', 'Front Mezzanine'), 
('0110001B03', '133.65', 'Front Mezzanine'), 
('0110001B04', '133.65', 'Front Mezzanine'), 
('0110001B05', '133.65', 'Front Mezzanine'), 
('0110001B06', '133.65', 'Front Mezzanine'), 
('0110001B07', '133.65', 'Front Mezzanine'), 
('0110001B08', '133.65', 'Front Mezzanine'), 
('0110001B09', '133.65', 'Front Mezzanine'), 
('0110001B10', '133.65', 'Front Mezzanine'), 
('0110001C01', '63.5', 'Rear Mezzanine'), 
('0110001C02', '63.5', 'Rear Mezzanine'), 
('0110001C03', '63.5', 'Rear Mezzanine'), 
('0110001C04', '63.5', 'Rear Mezzanine'), 
('0110001C05', '63.5', 'Rear Mezzanine'), 
('0110001C06', '63.5', 'Rear Mezzanine'), 
('0110001C07', '63.5', 'Rear Mezzanine'), 
('0110001C08', '63.5', 'Rear Mezzanine'), 
('0110001C09', '63.5', 'Rear Mezzanine'), 
('0110001C10', '63.5', 'Rear Mezzanine'), 
('0110002A01', '189', 'Orchestra'), 
('0110002A02', '189', 'Orchestra'), 
('0110002A03', '189', 'Orchestra'), 
('0110002A04', '189', 'Orchestra'), 
('0110002A05', '189', 'Orchestra'), 
('0110002A06', '189', 'Orchestra'), 
('0110002A07', '189', 'Orchestra'), 
('0110002A08', '189', 'Orchestra'), 
('0110002A09', '189', 'Orchestra'), 
('0110002A10', '189', 'Orchestra'), 
('0110002B01', '133.65', 'Front Mezzanine'), 
('0110002B02', '133.65', 'Front Mezzanine'), 
('0110002B03', '133.65', 'Front Mezzanine'), 
('0110002B04', '133.65', 'Front Mezzanine'), 
('0110002B05', '133.65', 'Front Mezzanine'), 
('0110002B06', '133.65', 'Front Mezzanine'), 
('0110002B07', '133.65', 'Front Mezzanine'), 
('0110002B08', '133.65', 'Front Mezzanine'), 
('0110002B09', '133.65', 'Front Mezzanine'), 
('0110002B10', '133.65', 'Front Mezzanine'), 
('0110002C01', '63.5', 'Rear Mezzanine'), 
('0110002C02', '63.5', 'Rear Mezzanine'), 
('0110002C03', '63.5', 'Rear Mezzanine'), 
('0110002C04', '63.5', 'Rear Mezzanine'), 
('0110002C05', '63.5', 'Rear Mezzanine'), 
('0110002C06', '63.5', 'Rear Mezzanine'), 
('0110002C07', '63.5', 'Rear Mezzanine'), 
('0110002C08', '63.5', 'Rear Mezzanine'), 
('0110002C09', '63.5', 'Rear Mezzanine'), 
('0110002C10', '63.5', 'Rear Mezzanine'), 
('0120001A01', '198.45', 'Orchestra'), 
('0120001A02', '198.45', 'Orchestra'), 
('0120001A03', '198.45', 'Orchestra'), 
('0120001A04', '198.45', 'Orchestra'), 
('0120001A05', '198.45', 'Orchestra'), 
('0120001A06', '198.45', 'Orchestra'), 
('0120001A07', '198.45', 'Orchestra'), 
('0120001A08', '198.45', 'Orchestra'), 
('0120001A09', '198.45', 'Orchestra'), 
('0120001A10', '198.45', 'Orchestra'), 
('0120001B01', '117.45', 'Front Mezzanine'), 
('0120001B02', '117.45', 'Front Mezzanine'), 
('0120001B03', '117.45', 'Front Mezzanine'), 
('0120001B04', '117.45', 'Front Mezzanine'), 
('0120001B05', '117.45', 'Front Mezzanine'), 
('0120001B06', '117.45', 'Front Mezzanine'), 
('0120001B07', '117.45', 'Front Mezzanine'), 
('0120001B08', '117.45', 'Front Mezzanine'), 
('0120001B09', '117.45', 'Front Mezzanine'), 
('0120001B10', '117.45', 'Front Mezzanine'), 
('0120001C01', '90.45', 'Rear Mezzanine'), 
('0120001C02', '90.45', 'Rear Mezzanine'), 
('0120001C03', '90.45', 'Rear Mezzanine'), 
('0120001C04', '90.45', 'Rear Mezzanine'), 
('0120001C05', '90.45', 'Rear Mezzanine'), 
('0120001C06', '90.45', 'Rear Mezzanine'), 
('0120001C07', '90.45', 'Rear Mezzanine'), 
('0120001C08', '90.45', 'Rear Mezzanine'), 
('0120001C09', '90.45', 'Rear Mezzanine'), 
('0120001C10', '90.45', 'Rear Mezzanine'), 
('0120002A01', '198.45', 'Orchestra'), 
('0120002A02', '198.45', 'Orchestra'), 
('0120002A03', '198.45', 'Orchestra'), 
('0120002A04', '198.45', 'Orchestra'), 
('0120002A05', '198.45', 'Orchestra'), 
('0120002A06', '198.45', 'Orchestra'), 
('0120002A07', '198.45', 'Orchestra'), 
('0120002A08', '198.45', 'Orchestra'), 
('0120002A09', '198.45', 'Orchestra'), 
('0120002A10', '198.45', 'Orchestra'), 
('0120002B01', '117.45', 'Front Mezzanine'), 
('0120002B02', '117.45', 'Front Mezzanine'), 
('0120002B03', '117.45', 'Front Mezzanine'), 
('0120002B04', '117.45', 'Front Mezzanine'), 
('0120002B05', '117.45', 'Front Mezzanine'), 
('0120002B06', '117.45', 'Front Mezzanine'), 
('0120002B07', '117.45', 'Front Mezzanine'), 
('0120002B08', '117.45', 'Front Mezzanine'), 
('0120002B09', '117.45', 'Front Mezzanine'), 
('0120002B10', '117.45', 'Front Mezzanine'), 
('0120002C01', '90.45', 'Rear Mezzanine'), 
('0120002C02', '90.45', 'Rear Mezzanine'), 
('0120002C03', '90.45', 'Rear Mezzanine'), 
('0120002C04', '90.45', 'Rear Mezzanine'), 
('0120002C05', '90.45', 'Rear Mezzanine'), 
('0120002C06', '90.45', 'Rear Mezzanine'), 
('0120002C07', '90.45', 'Rear Mezzanine'), 
('0120002C08', '90.45', 'Rear Mezzanine'), 
('0120002C09', '90.45', 'Rear Mezzanine'), 
('0120002C10', '90.45', 'Rear Mezzanine'), 
('0130001A01', '188.65', 'Orchestra'), 
('0130001A02', '188.65', 'Orchestra'), 
('0130001A03', '188.65', 'Orchestra'), 
('0130001A04', '188.65', 'Orchestra'), 
('0130001A05', '188.65', 'Orchestra'), 
('0130001A06', '188.65', 'Orchestra'), 
('0130001A07', '188.65', 'Orchestra'), 
('0130001A08', '188.65', 'Orchestra'), 
('0130001A09', '188.65', 'Orchestra'), 
('0130001A10', '188.65', 'Orchestra'), 
('0130001B01', '133.65', 'Front Mezzanine'), 
('0130001B02', '133.65', 'Front Mezzanine'), 
('0130001B03', '133.65', 'Front Mezzanine'), 
('0130001B04', '133.65', 'Front Mezzanine'), 
('0130001B05', '133.65', 'Front Mezzanine'), 
('0130001B06', '133.65', 'Front Mezzanine'), 
('0130001B07', '133.65', 'Front Mezzanine'), 
('0130001B08', '133.65', 'Front Mezzanine'), 
('0130001B09', '133.65', 'Front Mezzanine'), 
('0130001B10', '133.65', 'Front Mezzanine'), 
('0130001C01', '106.65', 'Rear Mezzanine'), 
('0130001C02', '106.65', 'Rear Mezzanine'), 
('0130001C03', '106.65', 'Rear Mezzanine'), 
('0130001C04', '106.65', 'Rear Mezzanine'), 
('0130001C05', '106.65', 'Rear Mezzanine'), 
('0130001C06', '106.65', 'Rear Mezzanine'), 
('0130001C07', '106.65', 'Rear Mezzanine'), 
('0130001C08', '106.65', 'Rear Mezzanine'), 
('0130001C09', '106.65', 'Rear Mezzanine'), 
('0130001C10', '106.65', 'Rear Mezzanine'), 
('0130002A01', '188.65', 'Orchestra'), 
('0130002A02', '188.65', 'Orchestra'), 
('0130002A03', '188.65', 'Orchestra'), 
('0130002A04', '188.65', 'Orchestra'), 
('0130002A05', '188.65', 'Orchestra'), 
('0130002A06', '188.65', 'Orchestra'), 
('0130002A07', '188.65', 'Orchestra'), 
('0130002A08', '188.65', 'Orchestra'), 
('0130002A09', '188.65', 'Orchestra'), 
('0130002A10', '188.65', 'Orchestra'), 
('0130002B01', '133.65', 'Front Mezzanine'), 
('0130002B02', '133.65', 'Front Mezzanine'), 
('0130002B03', '133.65', 'Front Mezzanine'), 
('0130002B04', '133.65', 'Front Mezzanine'), 
('0130002B05', '133.65', 'Front Mezzanine'), 
('0130002B06', '133.65', 'Front Mezzanine'), 
('0130002B07', '133.65', 'Front Mezzanine'), 
('0130002B08', '133.65', 'Front Mezzanine'), 
('0130002B09', '133.65', 'Front Mezzanine'), 
('0130002B10', '133.65', 'Front Mezzanine'), 
('0130002C01', '106.65', 'Rear Mezzanine'), 
('0130002C02', '106.65', 'Rear Mezzanine'), 
('0130002C03', '106.65', 'Rear Mezzanine'), 
('0130002C04', '106.65', 'Rear Mezzanine'), 
('0130002C05', '106.65', 'Rear Mezzanine'), 
('0130002C06', '106.65', 'Rear Mezzanine'), 
('0130002C07', '106.65', 'Rear Mezzanine'), 
('0130002C08', '106.65', 'Rear Mezzanine'), 
('0130002C09', '106.65', 'Rear Mezzanine'), 
('0130002C10', '106.65', 'Rear Mezzanine'), 
('0140001A01', '225.45', 'Orchestra'), 
('0140001A02', '225.45', 'Orchestra'), 
('0140001A03', '225.45', 'Orchestra'), 
('0140001A04', '225.45', 'Orchestra'), 
('0140001A05', '225.45', 'Orchestra'), 
('0140001A06', '225.45', 'Orchestra'), 
('0140001A07', '225.45', 'Orchestra'), 
('0140001A08', '225.45', 'Orchestra'), 
('0140001A09', '225.45', 'Orchestra'), 
('0140001A10', '225.45', 'Orchestra'), 
('0140001B01', '225.45', 'Front Mezzanine'), 
('0140001B02', '225.45', 'Front Mezzanine'), 
('0140001B03', '225.45', 'Front Mezzanine'), 
('0140001B04', '225.45', 'Front Mezzanine'), 
('0140001B05', '225.45', 'Front Mezzanine'), 
('0140001B06', '225.45', 'Front Mezzanine'), 
('0140001B07', '225.45', 'Front Mezzanine'), 
('0140001B08', '225.45', 'Front Mezzanine'), 
('0140001B09', '225.45', 'Front Mezzanine'), 
('0140001B10', '225.45', 'Front Mezzanine'), 
('0140001C01', '144.45', 'Rear Mezzanine'), 
('0140001C02', '144.45', 'Rear Mezzanine'), 
('0140001C03', '144.45', 'Rear Mezzanine'), 
('0140001C04', '144.45', 'Rear Mezzanine'), 
('0140001C05', '144.45', 'Rear Mezzanine'), 
('0140001C06', '144.45', 'Rear Mezzanine'), 
('0140001C07', '144.45', 'Rear Mezzanine'), 
('0140001C08', '144.45', 'Rear Mezzanine'), 
('0140001C09', '144.45', 'Rear Mezzanine'), 
('0140001C10', '144.45', 'Rear Mezzanine'), 
('0140002A01', '225.45', 'Orchestra'), 
('0140002A02', '225.45', 'Orchestra'), 
('0140002A03', '225.45', 'Orchestra'), 
('0140002A04', '225.45', 'Orchestra'), 
('0140002A05', '225.45', 'Orchestra'), 
('0140002A06', '225.45', 'Orchestra'), 
('0140002A07', '225.45', 'Orchestra'), 
('0140002A08', '225.45', 'Orchestra'), 
('0140002A09', '225.45', 'Orchestra'), 
('0140002A10', '225.45', 'Orchestra'), 
('0140002B01', '225.45', 'Front Mezzanine'), 
('0140002B02', '225.45', 'Front Mezzanine'), 
('0140002B03', '225.45', 'Front Mezzanine'), 
('0140002B04', '225.45', 'Front Mezzanine'), 
('0140002B05', '225.45', 'Front Mezzanine'), 
('0140002B06', '225.45', 'Front Mezzanine'), 
('0140002B07', '225.45', 'Front Mezzanine'), 
('0140002B08', '225.45', 'Front Mezzanine'), 
('0140002B09', '225.45', 'Front Mezzanine'), 
('0140002B10', '225.45', 'Front Mezzanine'), 
('0140002C01', '144.45', 'Rear Mezzanine'), 
('0140002C02', '144.45', 'Rear Mezzanine'), 
('0140002C03', '144.45', 'Rear Mezzanine'), 
('0140002C04', '144.45', 'Rear Mezzanine'), 
('0140002C05', '144.45', 'Rear Mezzanine'), 
('0140002C06', '144.45', 'Rear Mezzanine'), 
('0140002C07', '144.45', 'Rear Mezzanine'), 
('0140002C08', '144.45', 'Rear Mezzanine'), 
('0140002C09', '144.45', 'Rear Mezzanine'), 
('0140002C10', '144.45', 'Rear Mezzanine'), 
('0150001A01', '249.75', 'Orchestra'), 
('0150001A02', '249.75', 'Orchestra'), 
('0150001A03', '249.75', 'Orchestra'), 
('0150001A04', '249.75', 'Orchestra'), 
('0150001A05', '249.75', 'Orchestra'), 
('0150001A06', '249.75', 'Orchestra'), 
('0150001A07', '249.75', 'Orchestra'), 
('0150001A08', '249.75', 'Orchestra'), 
('0150001A09', '249.75', 'Orchestra'), 
('0150001A10', '249.75', 'Orchestra'), 
('0150001B01', '137.7', 'Front Mezzanine'), 
('0150001B02', '137.7', 'Front Mezzanine'), 
('0150001B03', '137.7', 'Front Mezzanine'), 
('0150001B04', '137.7', 'Front Mezzanine'), 
('0150001B05', '137.7', 'Front Mezzanine'), 
('0150001B06', '137.7', 'Front Mezzanine'), 
('0150001B07', '137.7', 'Front Mezzanine'), 
('0150001B08', '137.7', 'Front Mezzanine'), 
('0150001B09', '137.7', 'Front Mezzanine'), 
('0150001B10', '137.7', 'Front Mezzanine'), 
('0150001C01', '103.95', 'Rear Mezzanine'), 
('0150001C02', '103.95', 'Rear Mezzanine'), 
('0150001C03', '103.95', 'Rear Mezzanine'), 
('0150001C04', '103.95', 'Rear Mezzanine'), 
('0150001C05', '103.95', 'Rear Mezzanine'), 
('0150001C06', '103.95', 'Rear Mezzanine'), 
('0150001C07', '103.95', 'Rear Mezzanine'), 
('0150001C08', '103.95', 'Rear Mezzanine'), 
('0150001C09', '103.95', 'Rear Mezzanine'), 
('0150001C10', '103.95', 'Rear Mezzanine'), 
('0150002A01', '249.75', 'Orchestra'), 
('0150002A02', '249.75', 'Orchestra'), 
('0150002A03', '249.75', 'Orchestra'), 
('0150002A04', '249.75', 'Orchestra'), 
('0150002A05', '249.75', 'Orchestra'), 
('0150002A06', '249.75', 'Orchestra'), 
('0150002A07', '249.75', 'Orchestra'), 
('0150002A08', '249.75', 'Orchestra'), 
('0150002A09', '249.75', 'Orchestra'), 
('0150002A10', '249.75', 'Orchestra'), 
('0150002B01', '137.7', 'Front Mezzanine'), 
('0150002B02', '137.7', 'Front Mezzanine'), 
('0150002B03', '137.7', 'Front Mezzanine'), 
('0150002B04', '137.7', 'Front Mezzanine'), 
('0150002B05', '137.7', 'Front Mezzanine'), 
('0150002B06', '137.7', 'Front Mezzanine'), 
('0150002B07', '137.7', 'Front Mezzanine'), 
('0150002B08', '137.7', 'Front Mezzanine'), 
('0150002B09', '137.7', 'Front Mezzanine'), 
('0150002B10', '137.7', 'Front Mezzanine'), 
('0150002C01', '103.95', 'Rear Mezzanine'), 
('0150002C02', '103.95', 'Rear Mezzanine'), 
('0150002C03', '103.95', 'Rear Mezzanine'), 
('0150002C04', '103.95', 'Rear Mezzanine'), 
('0150002C05', '103.95', 'Rear Mezzanine'), 
('0150002C06', '103.95', 'Rear Mezzanine'), 
('0150002C07', '103.95', 'Rear Mezzanine'), 
('0150002C08', '103.95', 'Rear Mezzanine'), 
('0150002C09', '103.95', 'Rear Mezzanine'), 
('0150002C10', '103.95', 'Rear Mezzanine'), 
('0160001A01', '205.2', 'Orchestra'), 
('0160001A02', '205.2', 'Orchestra'), 
('0160001A03', '205.2', 'Orchestra'), 
('0160001A04', '205.2', 'Orchestra'), 
('0160001A05', '205.2', 'Orchestra'), 
('0160001A06', '205.2', 'Orchestra'), 
('0160001A07', '205.2', 'Orchestra'), 
('0160001A08', '205.2', 'Orchestra'), 
('0160001A09', '205.2', 'Orchestra'), 
('0160001A10', '205.2', 'Orchestra'), 
('0160001B01', '116.1', 'Front Mezzanine'), 
('0160001B02', '116.1', 'Front Mezzanine'), 
('0160001B03', '116.1', 'Front Mezzanine'), 
('0160001B04', '116.1', 'Front Mezzanine'), 
('0160001B05', '116.1', 'Front Mezzanine'), 
('0160001B06', '116.1', 'Front Mezzanine'), 
('0160001B07', '116.1', 'Front Mezzanine'), 
('0160001B08', '116.1', 'Front Mezzanine'), 
('0160001B09', '116.1', 'Front Mezzanine'), 
('0160001B10', '116.1', 'Front Mezzanine'), 
('0160001C01', '79.65', 'Rear Mezzanine'), 
('0160001C02', '79.65', 'Rear Mezzanine'), 
('0160001C03', '79.65', 'Rear Mezzanine'), 
('0160001C04', '79.65', 'Rear Mezzanine'), 
('0160001C05', '79.65', 'Rear Mezzanine'), 
('0160001C06', '79.65', 'Rear Mezzanine'), 
('0160001C07', '79.65', 'Rear Mezzanine'), 
('0160001C08', '79.65', 'Rear Mezzanine'), 
('0160001C09', '79.65', 'Rear Mezzanine'), 
('0160001C10', '79.65', 'Rear Mezzanine'), 
('0160002A01', '205.2', 'Orchestra'), 
('0160002A02', '205.2', 'Orchestra'), 
('0160002A03', '205.2', 'Orchestra'), 
('0160002A04', '205.2', 'Orchestra'), 
('0160002A05', '205.2', 'Orchestra'), 
('0160002A06', '205.2', 'Orchestra'), 
('0160002A07', '205.2', 'Orchestra'), 
('0160002A08', '205.2', 'Orchestra'), 
('0160002A09', '205.2', 'Orchestra'), 
('0160002A10', '205.2', 'Orchestra'), 
('0160002B01', '116.1', 'Front Mezzanine'), 
('0160002B02', '116.1', 'Front Mezzanine'), 
('0160002B03', '116.1', 'Front Mezzanine'), 
('0160002B04', '116.1', 'Front Mezzanine'), 
('0160002B05', '116.1', 'Front Mezzanine'), 
('0160002B06', '116.1', 'Front Mezzanine'), 
('0160002B07', '116.1', 'Front Mezzanine'), 
('0160002B08', '116.1', 'Front Mezzanine'), 
('0160002B09', '116.1', 'Front Mezzanine'), 
('0160002B10', '116.1', 'Front Mezzanine'), 
('0160002C01', '79.65', 'Rear Mezzanine'), 
('0160002C02', '79.65', 'Rear Mezzanine'), 
('0160002C03', '79.65', 'Rear Mezzanine'), 
('0160002C04', '79.65', 'Rear Mezzanine'), 
('0160002C05', '79.65', 'Rear Mezzanine'), 
('0160002C06', '79.65', 'Rear Mezzanine'), 
('0160002C07', '79.65', 'Rear Mezzanine'), 
('0160002C08', '79.65', 'Rear Mezzanine'), 
('0160002C09', '79.65', 'Rear Mezzanine'), 
('0160002C10', '79.65', 'Rear Mezzanine'), 
('0170001A01', '211.95', 'Orchestra'), 
('0170001A02', '211.95', 'Orchestra'), 
('0170001A03', '211.95', 'Orchestra'), 
('0170001A04', '211.95', 'Orchestra'), 
('0170001A05', '211.95', 'Orchestra'), 
('0170001A06', '211.95', 'Orchestra'), 
('0170001A07', '211.95', 'Orchestra'), 
('0170001A08', '211.95', 'Orchestra'), 
('0170001A09', '211.95', 'Orchestra'), 
('0170001A10', '211.95', 'Orchestra'), 
('0170001B01', '211.95', 'Front Mezzanine'), 
('0170001B02', '211.95', 'Front Mezzanine'), 
('0170001B03', '211.95', 'Front Mezzanine'), 
('0170001B04', '211.95', 'Front Mezzanine'), 
('0170001B05', '211.95', 'Front Mezzanine'), 
('0170001B06', '211.95', 'Front Mezzanine'), 
('0170001B07', '211.95', 'Front Mezzanine'), 
('0170001B08', '211.95', 'Front Mezzanine'), 
('0170001B09', '211.95', 'Front Mezzanine'), 
('0170001B10', '211.95', 'Front Mezzanine'), 
('0170001C01', '117.45', 'Rear Mezzanine'), 
('0170001C02', '117.45', 'Rear Mezzanine'), 
('0170001C03', '117.45', 'Rear Mezzanine'), 
('0170001C04', '117.45', 'Rear Mezzanine'), 
('0170001C05', '117.45', 'Rear Mezzanine'), 
('0170001C06', '117.45', 'Rear Mezzanine'), 
('0170001C07', '117.45', 'Rear Mezzanine'), 
('0170001C08', '117.45', 'Rear Mezzanine'), 
('0170001C09', '117.45', 'Rear Mezzanine'), 
('0170001C10', '117.45', 'Rear Mezzanine'), 
('0170002A01', '211.95', 'Orchestra'), 
('0170002A02', '211.95', 'Orchestra'), 
('0170002A03', '211.95', 'Orchestra'), 
('0170002A04', '211.95', 'Orchestra'), 
('0170002A05', '211.95', 'Orchestra'), 
('0170002A06', '211.95', 'Orchestra'), 
('0170002A07', '211.95', 'Orchestra'), 
('0170002A08', '211.95', 'Orchestra'), 
('0170002A09', '211.95', 'Orchestra'), 
('0170002A10', '211.95', 'Orchestra'), 
('0170002B01', '211.95', 'Front Mezzanine'), 
('0170002B02', '211.95', 'Front Mezzanine'), 
('0170002B03', '211.95', 'Front Mezzanine'), 
('0170002B04', '211.95', 'Front Mezzanine'), 
('0170002B05', '211.95', 'Front Mezzanine'), 
('0170002B06', '211.95', 'Front Mezzanine'), 
('0170002B07', '211.95', 'Front Mezzanine'), 
('0170002B08', '211.95', 'Front Mezzanine'), 
('0170002B09', '211.95', 'Front Mezzanine'), 
('0170002B10', '211.95', 'Front Mezzanine'), 
('0170002C01', '117.45', 'Rear Mezzanine'), 
('0170002C02', '117.45', 'Rear Mezzanine'), 
('0170002C03', '117.45', 'Rear Mezzanine'), 
('0170002C04', '117.45', 'Rear Mezzanine'), 
('0170002C05', '117.45', 'Rear Mezzanine'), 
('0170002C06', '117.45', 'Rear Mezzanine'), 
('0170002C07', '117.45', 'Rear Mezzanine'), 
('0170002C08', '117.45', 'Rear Mezzanine'), 
('0170002C09', '117.45', 'Rear Mezzanine'), 
('0170002C10', '117.45', 'Rear Mezzanine'), 
('0180001A01', '178.2', 'Orchestra'), 
('0180001A02', '178.2', 'Orchestra'), 
('0180001A03', '178.2', 'Orchestra'), 
('0180001A04', '178.2', 'Orchestra'), 
('0180001A05', '178.2', 'Orchestra'), 
('0180001A06', '178.2', 'Orchestra'), 
('0180001A07', '178.2', 'Orchestra'), 
('0180001A08', '178.2', 'Orchestra'), 
('0180001A09', '178.2', 'Orchestra'), 
('0180001A10', '178.2', 'Orchestra'), 
('0180001B01', '178.2', 'Front Mezzanine'), 
('0180001B02', '178.2', 'Front Mezzanine'), 
('0180001B03', '178.2', 'Front Mezzanine'), 
('0180001B04', '178.2', 'Front Mezzanine'), 
('0180001B05', '178.2', 'Front Mezzanine'), 
('0180001B06', '178.2', 'Front Mezzanine'), 
('0180001B07', '178.2', 'Front Mezzanine'), 
('0180001B08', '178.2', 'Front Mezzanine'), 
('0180001B09', '178.2', 'Front Mezzanine'), 
('0180001B10', '178.2', 'Front Mezzanine'), 
('0180001C01', '124.2', 'Rear Mezzanine'), 
('0180001C02', '124.2', 'Rear Mezzanine'), 
('0180001C03', '124.2', 'Rear Mezzanine'), 
('0180001C04', '124.2', 'Rear Mezzanine'), 
('0180001C05', '124.2', 'Rear Mezzanine'), 
('0180001C06', '124.2', 'Rear Mezzanine'), 
('0180001C07', '124.2', 'Rear Mezzanine'), 
('0180001C08', '124.2', 'Rear Mezzanine'), 
('0180001C09', '124.2', 'Rear Mezzanine'), 
('0180001C10', '124.2', 'Rear Mezzanine'), 
('0180002A01', '178.2', 'Orchestra'), 
('0180002A02', '178.2', 'Orchestra'), 
('0180002A03', '178.2', 'Orchestra'), 
('0180002A04', '178.2', 'Orchestra'), 
('0180002A05', '178.2', 'Orchestra'), 
('0180002A06', '178.2', 'Orchestra'), 
('0180002A07', '178.2', 'Orchestra'), 
('0180002A08', '178.2', 'Orchestra'), 
('0180002A09', '178.2', 'Orchestra'), 
('0180002A10', '178.2', 'Orchestra'), 
('0180002B01', '178.2', 'Front Mezzanine'), 
('0180002B02', '178.2', 'Front Mezzanine'), 
('0180002B03', '178.2', 'Front Mezzanine'), 
('0180002B04', '178.2', 'Front Mezzanine'), 
('0180002B05', '178.2', 'Front Mezzanine'), 
('0180002B06', '178.2', 'Front Mezzanine'), 
('0180002B07', '178.2', 'Front Mezzanine'), 
('0180002B08', '178.2', 'Front Mezzanine'), 
('0180002B09', '178.2', 'Front Mezzanine'), 
('0180002B10', '178.2', 'Front Mezzanine'), 
('0180002C01', '124.2', 'Rear Mezzanine'), 
('0180002C02', '124.2', 'Rear Mezzanine'), 
('0180002C03', '124.2', 'Rear Mezzanine'), 
('0180002C04', '124.2', 'Rear Mezzanine'), 
('0180002C05', '124.2', 'Rear Mezzanine'), 
('0180002C06', '124.2', 'Rear Mezzanine'), 
('0180002C07', '124.2', 'Rear Mezzanine'), 
('0180002C08', '124.2', 'Rear Mezzanine'), 
('0180002C09', '124.2', 'Rear Mezzanine'), 
('0180002C10', '124.2', 'Rear Mezzanine'), 
('0190001A01', '225.45', 'Orchestra'), 
('0190001A02', '225.45', 'Orchestra'), 
('0190001A03', '225.45', 'Orchestra'), 
('0190001A04', '225.45', 'Orchestra'), 
('0190001A05', '225.45', 'Orchestra'), 
('0190001A06', '225.45', 'Orchestra'), 
('0190001A07', '225.45', 'Orchestra'), 
('0190001A08', '225.45', 'Orchestra'), 
('0190001A09', '225.45', 'Orchestra'), 
('0190001A10', '225.45', 'Orchestra'), 
('0190001B01', '225.45', 'Front Mezzanine'), 
('0190001B02', '225.45', 'Front Mezzanine'), 
('0190001B03', '225.45', 'Front Mezzanine'), 
('0190001B04', '225.45', 'Front Mezzanine'), 
('0190001B05', '225.45', 'Front Mezzanine'), 
('0190001B06', '225.45', 'Front Mezzanine'), 
('0190001B07', '225.45', 'Front Mezzanine'), 
('0190001B08', '225.45', 'Front Mezzanine'), 
('0190001B09', '225.45', 'Front Mezzanine'), 
('0190001B10', '225.45', 'Front Mezzanine'), 
('0190001C01', '157.95', 'Rear Mezzanine'), 
('0190001C02', '157.95', 'Rear Mezzanine'), 
('0190001C03', '157.95', 'Rear Mezzanine'), 
('0190001C04', '157.95', 'Rear Mezzanine'), 
('0190001C05', '157.95', 'Rear Mezzanine'), 
('0190001C06', '157.95', 'Rear Mezzanine'), 
('0190001C07', '157.95', 'Rear Mezzanine'), 
('0190001C08', '157.95', 'Rear Mezzanine'), 
('0190001C09', '157.95', 'Rear Mezzanine'), 
('0190001C10', '157.95', 'Rear Mezzanine'), 
('0190002A01', '225.45', 'Orchestra'), 
('0190002A02', '225.45', 'Orchestra'), 
('0190002A03', '225.45', 'Orchestra'), 
('0190002A04', '225.45', 'Orchestra'), 
('0190002A05', '225.45', 'Orchestra'), 
('0190002A06', '225.45', 'Orchestra'), 
('0190002A07', '225.45', 'Orchestra'), 
('0190002A08', '225.45', 'Orchestra'), 
('0190002A09', '225.45', 'Orchestra'), 
('0190002A10', '225.45', 'Orchestra'), 
('0190002B01', '225.45', 'Front Mezzanine'), 
('0190002B02', '225.45', 'Front Mezzanine'), 
('0190002B03', '225.45', 'Front Mezzanine'), 
('0190002B04', '225.45', 'Front Mezzanine'), 
('0190002B05', '225.45', 'Front Mezzanine'), 
('0190002B06', '225.45', 'Front Mezzanine'), 
('0190002B07', '225.45', 'Front Mezzanine'), 
('0190002B08', '225.45', 'Front Mezzanine'), 
('0190002B09', '225.45', 'Front Mezzanine'), 
('0190002B10', '225.45', 'Front Mezzanine'), 
('0190002C01', '157.95', 'Rear Mezzanine'), 
('0190002C02', '157.95', 'Rear Mezzanine'), 
('0190002C03', '157.95', 'Rear Mezzanine'), 
('0190002C04', '157.95', 'Rear Mezzanine'), 
('0190002C05', '157.95', 'Rear Mezzanine'), 
('0190002C06', '157.95', 'Rear Mezzanine'), 
('0190002C07', '157.95', 'Rear Mezzanine'), 
('0190002C08', '157.95', 'Rear Mezzanine'), 
('0190002C09', '157.95', 'Rear Mezzanine'), 
('0190002C10', '157.95', 'Rear Mezzanine'), 
('0200001A01', '225.45', 'Orchestra'), 
('0200001A02', '225.45', 'Orchestra'), 
('0200001A03', '225.45', 'Orchestra'), 
('0200001A04', '225.45', 'Orchestra'), 
('0200001A05', '225.45', 'Orchestra'), 
('0200001A06', '225.45', 'Orchestra'), 
('0200001A07', '225.45', 'Orchestra'), 
('0200001A08', '225.45', 'Orchestra'), 
('0200001A09', '225.45', 'Orchestra'), 
('0200001A10', '225.45', 'Orchestra'), 
('0200001B01', '130.95', 'Front Mezzanine'), 
('0200001B02', '130.95', 'Front Mezzanine'), 
('0200001B03', '130.95', 'Front Mezzanine'), 
('0200001B04', '130.95', 'Front Mezzanine'), 
('0200001B05', '130.95', 'Front Mezzanine'), 
('0200001B06', '130.95', 'Front Mezzanine'), 
('0200001B07', '130.95', 'Front Mezzanine'), 
('0200001B08', '130.95', 'Front Mezzanine'), 
('0200001B09', '130.95', 'Front Mezzanine'), 
('0200001B10', '130.95', 'Front Mezzanine'), 
('0200001C01', '103.95', 'Rear Mezzanine'), 
('0200001C02', '103.95', 'Rear Mezzanine'), 
('0200001C03', '103.95', 'Rear Mezzanine'), 
('0200001C04', '103.95', 'Rear Mezzanine'), 
('0200001C05', '103.95', 'Rear Mezzanine'), 
('0200001C06', '103.95', 'Rear Mezzanine'), 
('0200001C07', '103.95', 'Rear Mezzanine'), 
('0200001C08', '103.95', 'Rear Mezzanine'), 
('0200001C09', '103.95', 'Rear Mezzanine'), 
('0200001C10', '103.95', 'Rear Mezzanine'), 
('0200002A01', '225.45', 'Orchestra'), 
('0200002A02', '225.45', 'Orchestra'), 
('0200002A03', '225.45', 'Orchestra'), 
('0200002A04', '225.45', 'Orchestra'), 
('0200002A05', '225.45', 'Orchestra'), 
('0200002A06', '225.45', 'Orchestra'), 
('0200002A07', '225.45', 'Orchestra'), 
('0200002A08', '225.45', 'Orchestra'), 
('0200002A09', '225.45', 'Orchestra'), 
('0200002A10', '225.45', 'Orchestra'), 
('0200002B01', '130.95', 'Front Mezzanine'), 
('0200002B02', '130.95', 'Front Mezzanine'), 
('0200002B03', '130.95', 'Front Mezzanine'), 
('0200002B04', '130.95', 'Front Mezzanine'), 
('0200002B05', '130.95', 'Front Mezzanine'), 
('0200002B06', '130.95', 'Front Mezzanine'), 
('0200002B07', '130.95', 'Front Mezzanine'), 
('0200002B08', '130.95', 'Front Mezzanine'), 
('0200002B09', '130.95', 'Front Mezzanine'), 
('0200002B10', '130.95', 'Front Mezzanine'), 
('0200002C01', '103.95', 'Rear Mezzanine'), 
('0200002C02', '103.95', 'Rear Mezzanine'), 
('0200002C03', '103.95', 'Rear Mezzanine'), 
('0200002C04', '103.95', 'Rear Mezzanine'), 
('0200002C05', '103.95', 'Rear Mezzanine'), 
('0200002C06', '103.95', 'Rear Mezzanine'), 
('0200002C07', '103.95', 'Rear Mezzanine'), 
('0200002C08', '103.95', 'Rear Mezzanine'), 
('0200002C09', '103.95', 'Rear Mezzanine'), 
('0200002C10', '103.95', 'Rear Mezzanine'), 
('0210001A01', '184.95', 'Orchestra'), 
('0210001A02', '184.95', 'Orchestra'), 
('0210001A03', '184.95', 'Orchestra'), 
('0210001A04', '184.95', 'Orchestra'), 
('0210001A05', '184.95', 'Orchestra'), 
('0210001A06', '184.95', 'Orchestra'), 
('0210001A07', '184.95', 'Orchestra'), 
('0210001A08', '184.95', 'Orchestra'), 
('0210001A09', '184.95', 'Orchestra'), 
('0210001A10', '184.95', 'Orchestra'), 
('0210001B01', '168.75', 'Front Mezzanine'), 
('0210001B02', '168.75', 'Front Mezzanine'), 
('0210001B03', '168.75', 'Front Mezzanine'), 
('0210001B04', '168.75', 'Front Mezzanine'), 
('0210001B05', '168.75', 'Front Mezzanine'), 
('0210001B06', '168.75', 'Front Mezzanine'), 
('0210001B07', '168.75', 'Front Mezzanine'), 
('0210001B08', '168.75', 'Front Mezzanine'), 
('0210001B09', '168.75', 'Front Mezzanine'), 
('0210001B10', '168.75', 'Front Mezzanine'), 
('0210001C01', '120.15', 'Rear Mezzanine'), 
('0210001C02', '120.15', 'Rear Mezzanine'), 
('0210001C03', '120.15', 'Rear Mezzanine'), 
('0210001C04', '120.15', 'Rear Mezzanine'), 
('0210001C05', '120.15', 'Rear Mezzanine'), 
('0210001C06', '120.15', 'Rear Mezzanine'), 
('0210001C07', '120.15', 'Rear Mezzanine'), 
('0210001C08', '120.15', 'Rear Mezzanine'), 
('0210001C09', '120.15', 'Rear Mezzanine'), 
('0210001C10', '120.15', 'Rear Mezzanine'), 
('0210002A01', '184.95', 'Orchestra'), 
('0210002A02', '184.95', 'Orchestra'), 
('0210002A03', '184.95', 'Orchestra'), 
('0210002A04', '184.95', 'Orchestra'), 
('0210002A05', '184.95', 'Orchestra'), 
('0210002A06', '184.95', 'Orchestra'), 
('0210002A07', '184.95', 'Orchestra'), 
('0210002A08', '184.95', 'Orchestra'), 
('0210002A09', '184.95', 'Orchestra'), 
('0210002A10', '184.95', 'Orchestra'), 
('0210002B01', '168.75', 'Front Mezzanine'), 
('0210002B02', '168.75', 'Front Mezzanine'), 
('0210002B03', '168.75', 'Front Mezzanine'), 
('0210002B04', '168.75', 'Front Mezzanine'), 
('0210002B05', '168.75', 'Front Mezzanine'), 
('0210002B06', '168.75', 'Front Mezzanine'), 
('0210002B07', '168.75', 'Front Mezzanine'), 
('0210002B08', '168.75', 'Front Mezzanine'), 
('0210002B09', '168.75', 'Front Mezzanine'), 
('0210002B10', '168.75', 'Front Mezzanine'), 
('0210002C01', '120.15', 'Rear Mezzanine'), 
('0210002C02', '120.15', 'Rear Mezzanine'), 
('0210002C03', '120.15', 'Rear Mezzanine'), 
('0210002C04', '120.15', 'Rear Mezzanine'), 
('0210002C05', '120.15', 'Rear Mezzanine'), 
('0210002C06', '120.15', 'Rear Mezzanine'), 
('0210002C07', '120.15', 'Rear Mezzanine'), 
('0210002C08', '120.15', 'Rear Mezzanine'), 
('0210002C09', '120.15', 'Rear Mezzanine'), 
('0210002C10', '120.15', 'Rear Mezzanine'), 
('0220001A01', '184.95', 'Orchestra'), 
('0220001A02', '184.95', 'Orchestra'), 
('0220001A03', '184.95', 'Orchestra'), 
('0220001A04', '184.95', 'Orchestra'), 
('0220001A05', '184.95', 'Orchestra'), 
('0220001A06', '184.95', 'Orchestra'), 
('0220001A07', '184.95', 'Orchestra'), 
('0220001A08', '184.95', 'Orchestra'), 
('0220001A09', '184.95', 'Orchestra'), 
('0220001A10', '184.95', 'Orchestra'), 
('0220001B01', '184.95', 'Front Mezzanine'), 
('0220001B02', '184.95', 'Front Mezzanine'), 
('0220001B03', '184.95', 'Front Mezzanine'), 
('0220001B04', '184.95', 'Front Mezzanine'), 
('0220001B05', '184.95', 'Front Mezzanine'), 
('0220001B06', '184.95', 'Front Mezzanine'), 
('0220001B07', '184.95', 'Front Mezzanine'), 
('0220001B08', '184.95', 'Front Mezzanine'), 
('0220001B09', '184.95', 'Front Mezzanine'), 
('0220001B10', '184.95', 'Front Mezzanine'), 
('0220001C01', '134.33', 'Rear Mezzanine'), 
('0220001C02', '134.33', 'Rear Mezzanine'), 
('0220001C03', '134.33', 'Rear Mezzanine'), 
('0220001C04', '134.33', 'Rear Mezzanine'), 
('0220001C05', '134.33', 'Rear Mezzanine'), 
('0220001C06', '134.33', 'Rear Mezzanine'), 
('0220001C07', '134.33', 'Rear Mezzanine'), 
('0220001C08', '134.33', 'Rear Mezzanine'), 
('0220001C09', '134.33', 'Rear Mezzanine'), 
('0220001C10', '134.33', 'Rear Mezzanine'), 
('0220002A01', '184.95', 'Orchestra'), 
('0220002A02', '184.95', 'Orchestra'), 
('0220002A03', '184.95', 'Orchestra'), 
('0220002A04', '184.95', 'Orchestra'), 
('0220002A05', '184.95', 'Orchestra'), 
('0220002A06', '184.95', 'Orchestra'), 
('0220002A07', '184.95', 'Orchestra'), 
('0220002A08', '184.95', 'Orchestra'), 
('0220002A09', '184.95', 'Orchestra'), 
('0220002A10', '184.95', 'Orchestra'), 
('0220002B01', '184.95', 'Front Mezzanine'), 
('0220002B02', '184.95', 'Front Mezzanine'), 
('0220002B03', '184.95', 'Front Mezzanine'), 
('0220002B04', '184.95', 'Front Mezzanine'), 
('0220002B05', '184.95', 'Front Mezzanine'), 
('0220002B06', '184.95', 'Front Mezzanine'), 
('0220002B07', '184.95', 'Front Mezzanine'), 
('0220002B08', '184.95', 'Front Mezzanine'), 
('0220002B09', '184.95', 'Front Mezzanine'), 
('0220002B10', '184.95', 'Front Mezzanine'), 
('0220002C01', '134.33', 'Rear Mezzanine'), 
('0220002C02', '134.33', 'Rear Mezzanine'), 
('0220002C03', '134.33', 'Rear Mezzanine'), 
('0220002C04', '134.33', 'Rear Mezzanine'), 
('0220002C05', '134.33', 'Rear Mezzanine'), 
('0220002C06', '134.33', 'Rear Mezzanine'), 
('0220002C07', '134.33', 'Rear Mezzanine'), 
('0220002C08', '134.33', 'Rear Mezzanine'), 
('0220002C09', '134.33', 'Rear Mezzanine'), 
('0220002C10', '134.33', 'Rear Mezzanine'), 
('0230001A01', '212.63', 'Orchestra'), 
('0230001A02', '212.63', 'Orchestra'), 
('0230001A03', '212.63', 'Orchestra'), 
('0230001A04', '212.63', 'Orchestra'), 
('0230001A05', '212.63', 'Orchestra'), 
('0230001A06', '212.63', 'Orchestra'), 
('0230001A07', '212.63', 'Orchestra'), 
('0230001A08', '212.63', 'Orchestra'), 
('0230001A09', '212.63', 'Orchestra'), 
('0230001A10', '212.63', 'Orchestra'), 
('0230001B01', '186.3', 'Front Mezzanine'), 
('0230001B02', '186.3', 'Front Mezzanine'), 
('0230001B03', '186.3', 'Front Mezzanine'), 
('0230001B04', '186.3', 'Front Mezzanine'), 
('0230001B05', '186.3', 'Front Mezzanine'), 
('0230001B06', '186.3', 'Front Mezzanine'), 
('0230001B07', '186.3', 'Front Mezzanine'), 
('0230001B08', '186.3', 'Front Mezzanine'), 
('0230001B09', '186.3', 'Front Mezzanine'), 
('0230001B10', '186.3', 'Front Mezzanine'), 
('0230001C01', '158.63', 'Rear Mezzanine'), 
('0230001C02', '158.63', 'Rear Mezzanine'), 
('0230001C03', '158.63', 'Rear Mezzanine'), 
('0230001C04', '158.63', 'Rear Mezzanine'), 
('0230001C05', '158.63', 'Rear Mezzanine'), 
('0230001C06', '158.63', 'Rear Mezzanine'), 
('0230001C07', '158.63', 'Rear Mezzanine'), 
('0230001C08', '158.63', 'Rear Mezzanine'), 
('0230001C09', '158.63', 'Rear Mezzanine'), 
('0230001C10', '158.63', 'Rear Mezzanine'), 
('0230002A01', '212.63', 'Orchestra'), 
('0230002A02', '212.63', 'Orchestra'), 
('0230002A03', '212.63', 'Orchestra'), 
('0230002A04', '212.63', 'Orchestra'), 
('0230002A05', '212.63', 'Orchestra'), 
('0230002A06', '212.63', 'Orchestra'), 
('0230002A07', '212.63', 'Orchestra'), 
('0230002A08', '212.63', 'Orchestra'), 
('0230002A09', '212.63', 'Orchestra'), 
('0230002A10', '212.63', 'Orchestra'), 
('0230002B01', '186.3', 'Front Mezzanine'), 
('0230002B02', '186.3', 'Front Mezzanine'), 
('0230002B03', '186.3', 'Front Mezzanine'), 
('0230002B04', '186.3', 'Front Mezzanine'), 
('0230002B05', '186.3', 'Front Mezzanine'), 
('0230002B06', '186.3', 'Front Mezzanine'), 
('0230002B07', '186.3', 'Front Mezzanine'), 
('0230002B08', '186.3', 'Front Mezzanine'), 
('0230002B09', '186.3', 'Front Mezzanine'), 
('0230002B10', '186.3', 'Front Mezzanine'), 
('0230002C01', '158.63', 'Rear Mezzanine'), 
('0230002C02', '158.63', 'Rear Mezzanine'), 
('0230002C03', '158.63', 'Rear Mezzanine'), 
('0230002C04', '158.63', 'Rear Mezzanine'), 
('0230002C05', '158.63', 'Rear Mezzanine'), 
('0230002C06', '158.63', 'Rear Mezzanine'), 
('0230002C07', '158.63', 'Rear Mezzanine'), 
('0230002C08', '158.63', 'Rear Mezzanine'), 
('0230002C09', '158.63', 'Rear Mezzanine'), 
('0230002C10', '158.63', 'Rear Mezzanine'), 
('0240001A01', '201.83', 'Orchestra'), 
('0240001A02', '201.83', 'Orchestra'), 
('0240001A03', '201.83', 'Orchestra'), 
('0240001A04', '201.83', 'Orchestra'), 
('0240001A05', '201.83', 'Orchestra'), 
('0240001A06', '201.83', 'Orchestra'), 
('0240001A07', '201.83', 'Orchestra'), 
('0240001A08', '201.83', 'Orchestra'), 
('0240001A09', '201.83', 'Orchestra'), 
('0240001A10', '201.83', 'Orchestra'), 
('0240001B01', '201.83', 'Front Mezzanine'), 
('0240001B02', '201.83', 'Front Mezzanine'), 
('0240001B03', '201.83', 'Front Mezzanine'), 
('0240001B04', '201.83', 'Front Mezzanine'), 
('0240001B05', '201.83', 'Front Mezzanine'), 
('0240001B06', '201.83', 'Front Mezzanine'), 
('0240001B07', '201.83', 'Front Mezzanine'), 
('0240001B08', '201.83', 'Front Mezzanine'), 
('0240001B09', '201.83', 'Front Mezzanine'), 
('0240001B10', '201.83', 'Front Mezzanine'), 
('0240001C01', '94.5', 'Rear Mezzanine'), 
('0240001C02', '94.5', 'Rear Mezzanine'), 
('0240001C03', '94.5', 'Rear Mezzanine'), 
('0240001C04', '94.5', 'Rear Mezzanine'), 
('0240001C05', '94.5', 'Rear Mezzanine'), 
('0240001C06', '94.5', 'Rear Mezzanine'), 
('0240001C07', '94.5', 'Rear Mezzanine'), 
('0240001C08', '94.5', 'Rear Mezzanine'), 
('0240001C09', '94.5', 'Rear Mezzanine'), 
('0240001C10', '94.5', 'Rear Mezzanine'), 
('0240002A01', '201.83', 'Orchestra'), 
('0240002A02', '201.83', 'Orchestra'), 
('0240002A03', '201.83', 'Orchestra'), 
('0240002A04', '201.83', 'Orchestra'), 
('0240002A05', '201.83', 'Orchestra'), 
('0240002A06', '201.83', 'Orchestra'), 
('0240002A07', '201.83', 'Orchestra'), 
('0240002A08', '201.83', 'Orchestra'), 
('0240002A09', '201.83', 'Orchestra'), 
('0240002A10', '201.83', 'Orchestra'), 
('0240002B01', '201.83', 'Front Mezzanine'), 
('0240002B02', '201.83', 'Front Mezzanine'), 
('0240002B03', '201.83', 'Front Mezzanine'), 
('0240002B04', '201.83', 'Front Mezzanine'), 
('0240002B05', '201.83', 'Front Mezzanine'), 
('0240002B06', '201.83', 'Front Mezzanine'), 
('0240002B07', '201.83', 'Front Mezzanine'), 
('0240002B08', '201.83', 'Front Mezzanine'), 
('0240002B09', '201.83', 'Front Mezzanine'), 
('0240002B10', '201.83', 'Front Mezzanine'), 
('0240002C01', '94.5', 'Rear Mezzanine'), 
('0240002C02', '94.5', 'Rear Mezzanine'), 
('0240002C03', '94.5', 'Rear Mezzanine'), 
('0240002C04', '94.5', 'Rear Mezzanine'), 
('0240002C05', '94.5', 'Rear Mezzanine'), 
('0240002C06', '94.5', 'Rear Mezzanine'), 
('0240002C07', '94.5', 'Rear Mezzanine'), 
('0240002C08', '94.5', 'Rear Mezzanine'), 
('0240002C09', '94.5', 'Rear Mezzanine'), 
('0240002C10', '94.5', 'Rear Mezzanine'), 
('0250001A01', '198.45', 'Orchestra'), 
('0250001A02', '198.45', 'Orchestra'), 
('0250001A03', '198.45', 'Orchestra'), 
('0250001A04', '198.45', 'Orchestra'), 
('0250001A05', '198.45', 'Orchestra'), 
('0250001A06', '198.45', 'Orchestra'), 
('0250001A07', '198.45', 'Orchestra'), 
('0250001A08', '198.45', 'Orchestra'), 
('0250001A09', '198.45', 'Orchestra'), 
('0250001A10', '198.45', 'Orchestra'), 
('0250001B01', '198.45', 'Front Mezzanine'), 
('0250001B02', '198.45', 'Front Mezzanine'), 
('0250001B03', '198.45', 'Front Mezzanine'), 
('0250001B04', '198.45', 'Front Mezzanine'), 
('0250001B05', '198.45', 'Front Mezzanine'), 
('0250001B06', '198.45', 'Front Mezzanine'), 
('0250001B07', '198.45', 'Front Mezzanine'), 
('0250001B08', '198.45', 'Front Mezzanine'), 
('0250001B09', '198.45', 'Front Mezzanine'), 
('0250001B10', '198.45', 'Front Mezzanine'), 
('0250001C01', '147.15', 'Rear Mezzanine'), 
('0250001C02', '147.15', 'Rear Mezzanine'), 
('0250001C03', '147.15', 'Rear Mezzanine'), 
('0250001C04', '147.15', 'Rear Mezzanine'), 
('0250001C05', '147.15', 'Rear Mezzanine'), 
('0250001C06', '147.15', 'Rear Mezzanine'), 
('0250001C07', '147.15', 'Rear Mezzanine'), 
('0250001C08', '147.15', 'Rear Mezzanine'), 
('0250001C09', '147.15', 'Rear Mezzanine'), 
('0250001C10', '147.15', 'Rear Mezzanine'), 
('0250002A01', '198.45', 'Orchestra'), 
('0250002A02', '198.45', 'Orchestra'), 
('0250002A03', '198.45', 'Orchestra'), 
('0250002A04', '198.45', 'Orchestra'), 
('0250002A05', '198.45', 'Orchestra'), 
('0250002A06', '198.45', 'Orchestra'), 
('0250002A07', '198.45', 'Orchestra'), 
('0250002A08', '198.45', 'Orchestra'), 
('0250002A09', '198.45', 'Orchestra'), 
('0250002A10', '198.45', 'Orchestra'), 
('0250002B01', '198.45', 'Front Mezzanine'), 
('0250002B02', '198.45', 'Front Mezzanine'), 
('0250002B03', '198.45', 'Front Mezzanine'), 
('0250002B04', '198.45', 'Front Mezzanine'), 
('0250002B05', '198.45', 'Front Mezzanine'), 
('0250002B06', '198.45', 'Front Mezzanine'), 
('0250002B07', '198.45', 'Front Mezzanine'), 
('0250002B08', '198.45', 'Front Mezzanine'), 
('0250002B09', '198.45', 'Front Mezzanine'), 
('0250002B10', '198.45', 'Front Mezzanine'), 
('0250002C01', '147.15', 'Rear Mezzanine'), 
('0250002C02', '147.15', 'Rear Mezzanine'), 
('0250002C03', '147.15', 'Rear Mezzanine'), 
('0250002C04', '147.15', 'Rear Mezzanine'), 
('0250002C05', '147.15', 'Rear Mezzanine'), 
('0250002C06', '147.15', 'Rear Mezzanine'), 
('0250002C07', '147.15', 'Rear Mezzanine'), 
('0250002C08', '147.15', 'Rear Mezzanine'), 
('0250002C09', '147.15', 'Rear Mezzanine'), 
('0250002C10', '147.15', 'Rear Mezzanine'), 
('0260001A01', '216', 'Orchestra'), 
('0260001A02', '216', 'Orchestra'), 
('0260001A03', '216', 'Orchestra'), 
('0260001A04', '216', 'Orchestra'), 
('0260001A05', '216', 'Orchestra'), 
('0260001A06', '216', 'Orchestra'), 
('0260001A07', '216', 'Orchestra'), 
('0260001A08', '216', 'Orchestra'), 
('0260001A09', '216', 'Orchestra'), 
('0260001A10', '216', 'Orchestra'), 
('0260001B01', '168.75', 'Front Mezzanine'), 
('0260001B02', '168.75', 'Front Mezzanine'), 
('0260001B03', '168.75', 'Front Mezzanine'), 
('0260001B04', '168.75', 'Front Mezzanine'), 
('0260001B05', '168.75', 'Front Mezzanine'), 
('0260001B06', '168.75', 'Front Mezzanine'), 
('0260001B07', '168.75', 'Front Mezzanine'), 
('0260001B08', '168.75', 'Front Mezzanine'), 
('0260001B09', '168.75', 'Front Mezzanine'), 
('0260001B10', '168.75', 'Front Mezzanine'), 
('0260001C01', '120.15', 'Rear Mezzanine'), 
('0260001C02', '120.15', 'Rear Mezzanine'), 
('0260001C03', '120.15', 'Rear Mezzanine'), 
('0260001C04', '120.15', 'Rear Mezzanine'), 
('0260001C05', '120.15', 'Rear Mezzanine'), 
('0260001C06', '120.15', 'Rear Mezzanine'), 
('0260001C07', '120.15', 'Rear Mezzanine'), 
('0260001C08', '120.15', 'Rear Mezzanine'), 
('0260001C09', '120.15', 'Rear Mezzanine'), 
('0260001C10', '120.15', 'Rear Mezzanine'), 
('0260002A01', '216', 'Orchestra'), 
('0260002A02', '216', 'Orchestra'), 
('0260002A03', '216', 'Orchestra'), 
('0260002A04', '216', 'Orchestra'), 
('0260002A05', '216', 'Orchestra'), 
('0260002A06', '216', 'Orchestra'), 
('0260002A07', '216', 'Orchestra'), 
('0260002A08', '216', 'Orchestra'), 
('0260002A09', '216', 'Orchestra'), 
('0260002A10', '216', 'Orchestra'), 
('0260002B01', '168.75', 'Front Mezzanine'), 
('0260002B02', '168.75', 'Front Mezzanine'), 
('0260002B03', '168.75', 'Front Mezzanine'), 
('0260002B04', '168.75', 'Front Mezzanine'), 
('0260002B05', '168.75', 'Front Mezzanine'), 
('0260002B06', '168.75', 'Front Mezzanine'), 
('0260002B07', '168.75', 'Front Mezzanine'), 
('0260002B08', '168.75', 'Front Mezzanine'), 
('0260002B09', '168.75', 'Front Mezzanine'), 
('0260002B10', '168.75', 'Front Mezzanine'), 
('0260002C01', '120.15', 'Rear Mezzanine'), 
('0260002C02', '120.15', 'Rear Mezzanine'), 
('0260002C03', '120.15', 'Rear Mezzanine'), 
('0260002C04', '120.15', 'Rear Mezzanine'), 
('0260002C05', '120.15', 'Rear Mezzanine'), 
('0260002C06', '120.15', 'Rear Mezzanine'), 
('0260002C07', '120.15', 'Rear Mezzanine'), 
('0260002C08', '120.15', 'Rear Mezzanine'), 
('0260002C09', '120.15', 'Rear Mezzanine'), 
('0260002C10', '120.15', 'Rear Mezzanine'), 
('0270001A01', '403.65', 'Orchestra'), 
('0270001A02', '403.65', 'Orchestra'), 
('0270001A03', '403.65', 'Orchestra'), 
('0270001A04', '403.65', 'Orchestra'), 
('0270001A05', '403.65', 'Orchestra'), 
('0270001A06', '403.65', 'Orchestra'), 
('0270001A07', '403.65', 'Orchestra'), 
('0270001A08', '403.65', 'Orchestra'), 
('0270001A09', '403.65', 'Orchestra'), 
('0270001A10', '403.65', 'Orchestra'), 
('0270001B01', '255.15', 'Front Mezzanine'), 
('0270001B02', '255.15', 'Front Mezzanine'), 
('0270001B03', '255.15', 'Front Mezzanine'), 
('0270001B04', '255.15', 'Front Mezzanine'), 
('0270001B05', '255.15', 'Front Mezzanine'), 
('0270001B06', '255.15', 'Front Mezzanine'), 
('0270001B07', '255.15', 'Front Mezzanine'), 
('0270001B08', '255.15', 'Front Mezzanine'), 
('0270001B09', '255.15', 'Front Mezzanine'), 
('0270001B10', '255.15', 'Front Mezzanine'), 
('0270001C01', '255.15', 'Rear Mezzanine'), 
('0270001C02', '255.15', 'Rear Mezzanine'), 
('0270001C03', '255.15', 'Rear Mezzanine'), 
('0270001C04', '255.15', 'Rear Mezzanine'), 
('0270001C05', '255.15', 'Rear Mezzanine'), 
('0270001C06', '255.15', 'Rear Mezzanine'), 
('0270001C07', '255.15', 'Rear Mezzanine'), 
('0270001C08', '255.15', 'Rear Mezzanine'), 
('0270001C09', '255.15', 'Rear Mezzanine'), 
('0270001C10', '255.15', 'Rear Mezzanine'), 
('0270002A01', '403.65', 'Orchestra'), 
('0270002A02', '403.65', 'Orchestra'), 
('0270002A03', '403.65', 'Orchestra'), 
('0270002A04', '403.65', 'Orchestra'), 
('0270002A05', '403.65', 'Orchestra'), 
('0270002A06', '403.65', 'Orchestra'), 
('0270002A07', '403.65', 'Orchestra'), 
('0270002A08', '403.65', 'Orchestra'), 
('0270002A09', '403.65', 'Orchestra'), 
('0270002A10', '403.65', 'Orchestra'), 
('0270002B01', '255.15', 'Front Mezzanine'), 
('0270002B02', '255.15', 'Front Mezzanine'), 
('0270002B03', '255.15', 'Front Mezzanine'), 
('0270002B04', '255.15', 'Front Mezzanine'), 
('0270002B05', '255.15', 'Front Mezzanine'), 
('0270002B06', '255.15', 'Front Mezzanine'), 
('0270002B07', '255.15', 'Front Mezzanine'), 
('0270002B08', '255.15', 'Front Mezzanine'), 
('0270002B09', '255.15', 'Front Mezzanine'), 
('0270002B10', '255.15', 'Front Mezzanine'), 
('0270002C01', '255.15', 'Rear Mezzanine'), 
('0270002C02', '255.15', 'Rear Mezzanine'), 
('0270002C03', '255.15', 'Rear Mezzanine'), 
('0270002C04', '255.15', 'Rear Mezzanine'), 
('0270002C05', '255.15', 'Rear Mezzanine'), 
('0270002C06', '255.15', 'Rear Mezzanine'), 
('0270002C07', '255.15', 'Rear Mezzanine'), 
('0270002C08', '255.15', 'Rear Mezzanine'), 
('0270002C09', '255.15', 'Rear Mezzanine'), 
('0270002C10', '255.15', 'Rear Mezzanine'), 
('0280001A01', '198.45', 'Orchestra'), 
('0280001A02', '198.45', 'Orchestra'), 
('0280001A03', '198.45', 'Orchestra'), 
('0280001A04', '198.45', 'Orchestra'), 
('0280001A05', '198.45', 'Orchestra'), 
('0280001A06', '198.45', 'Orchestra'), 
('0280001A07', '198.45', 'Orchestra'), 
('0280001A08', '198.45', 'Orchestra'), 
('0280001A09', '198.45', 'Orchestra'), 
('0280001A10', '198.45', 'Orchestra'), 
('0280001B01', '198.45', 'Front Mezzanine'), 
('0280001B02', '198.45', 'Front Mezzanine'), 
('0280001B03', '198.45', 'Front Mezzanine'), 
('0280001B04', '198.45', 'Front Mezzanine'), 
('0280001B05', '198.45', 'Front Mezzanine'), 
('0280001B06', '198.45', 'Front Mezzanine'), 
('0280001B07', '198.45', 'Front Mezzanine'), 
('0280001B08', '198.45', 'Front Mezzanine'), 
('0280001B09', '198.45', 'Front Mezzanine'), 
('0280001B10', '198.45', 'Front Mezzanine'), 
('0280001C01', '110.7', 'Rear Mezzanine'), 
('0280001C02', '110.7', 'Rear Mezzanine'), 
('0280001C03', '110.7', 'Rear Mezzanine'), 
('0280001C04', '110.7', 'Rear Mezzanine'), 
('0280001C05', '110.7', 'Rear Mezzanine'), 
('0280001C06', '110.7', 'Rear Mezzanine'), 
('0280001C07', '110.7', 'Rear Mezzanine'), 
('0280001C08', '110.7', 'Rear Mezzanine'), 
('0280001C09', '110.7', 'Rear Mezzanine'), 
('0280001C10', '110.7', 'Rear Mezzanine'), 
('0280002A01', '198.45', 'Orchestra'), 
('0280002A02', '198.45', 'Orchestra'), 
('0280002A03', '198.45', 'Orchestra'), 
('0280002A04', '198.45', 'Orchestra'), 
('0280002A05', '198.45', 'Orchestra'), 
('0280002A06', '198.45', 'Orchestra'), 
('0280002A07', '198.45', 'Orchestra'), 
('0280002A08', '198.45', 'Orchestra'), 
('0280002A09', '198.45', 'Orchestra'), 
('0280002A10', '198.45', 'Orchestra'), 
('0280002B01', '198.45', 'Front Mezzanine'), 
('0280002B02', '198.45', 'Front Mezzanine'), 
('0280002B03', '198.45', 'Front Mezzanine'), 
('0280002B04', '198.45', 'Front Mezzanine'), 
('0280002B05', '198.45', 'Front Mezzanine'), 
('0280002B06', '198.45', 'Front Mezzanine'), 
('0280002B07', '198.45', 'Front Mezzanine'), 
('0280002B08', '198.45', 'Front Mezzanine'), 
('0280002B09', '198.45', 'Front Mezzanine'), 
('0280002B10', '198.45', 'Front Mezzanine'), 
('0280002C01', '110.7', 'Rear Mezzanine'), 
('0280002C02', '110.7', 'Rear Mezzanine'), 
('0280002C03', '110.7', 'Rear Mezzanine'), 
('0280002C04', '110.7', 'Rear Mezzanine'), 
('0280002C05', '110.7', 'Rear Mezzanine'), 
('0280002C06', '110.7', 'Rear Mezzanine'), 
('0280002C07', '110.7', 'Rear Mezzanine'), 
('0280002C08', '110.7', 'Rear Mezzanine'), 
('0280002C09', '110.7', 'Rear Mezzanine'), 
('0280002C10', '110.7', 'Rear Mezzanine'), 
('0290001A01', '184.95', 'Orchestra'), 
('0290001A02', '184.95', 'Orchestra'), 
('0290001A03', '184.95', 'Orchestra'), 
('0290001A04', '184.95', 'Orchestra'), 
('0290001A05', '184.95', 'Orchestra'), 
('0290001A06', '184.95', 'Orchestra'), 
('0290001A07', '184.95', 'Orchestra'), 
('0290001A08', '184.95', 'Orchestra'), 
('0290001A09', '184.95', 'Orchestra'), 
('0290001A10', '184.95', 'Orchestra'), 
('0290001B01', '184.95', 'Front Mezzanine'), 
('0290001B02', '184.95', 'Front Mezzanine'), 
('0290001B03', '184.95', 'Front Mezzanine'), 
('0290001B04', '184.95', 'Front Mezzanine'), 
('0290001B05', '184.95', 'Front Mezzanine'), 
('0290001B06', '184.95', 'Front Mezzanine'), 
('0290001B07', '184.95', 'Front Mezzanine'), 
('0290001B08', '184.95', 'Front Mezzanine'), 
('0290001B09', '184.95', 'Front Mezzanine'), 
('0290001B10', '184.95', 'Front Mezzanine'), 
('0290001C01', '130.95', 'Rear Mezzanine'), 
('0290001C02', '130.95', 'Rear Mezzanine'), 
('0290001C03', '130.95', 'Rear Mezzanine'), 
('0290001C04', '130.95', 'Rear Mezzanine'), 
('0290001C05', '130.95', 'Rear Mezzanine'), 
('0290001C06', '130.95', 'Rear Mezzanine'), 
('0290001C07', '130.95', 'Rear Mezzanine'), 
('0290001C08', '130.95', 'Rear Mezzanine'), 
('0290001C09', '130.95', 'Rear Mezzanine'), 
('0290001C10', '130.95', 'Rear Mezzanine'), 
('0290002A01', '184.95', 'Orchestra'), 
('0290002A02', '184.95', 'Orchestra'), 
('0290002A03', '184.95', 'Orchestra'), 
('0290002A04', '184.95', 'Orchestra'), 
('0290002A05', '184.95', 'Orchestra'), 
('0290002A06', '184.95', 'Orchestra'), 
('0290002A07', '184.95', 'Orchestra'), 
('0290002A08', '184.95', 'Orchestra'), 
('0290002A09', '184.95', 'Orchestra'), 
('0290002A10', '184.95', 'Orchestra'), 
('0290002B01', '184.95', 'Front Mezzanine'), 
('0290002B02', '184.95', 'Front Mezzanine'), 
('0290002B03', '184.95', 'Front Mezzanine'), 
('0290002B04', '184.95', 'Front Mezzanine'), 
('0290002B05', '184.95', 'Front Mezzanine'), 
('0290002B06', '184.95', 'Front Mezzanine'), 
('0290002B07', '184.95', 'Front Mezzanine'), 
('0290002B08', '184.95', 'Front Mezzanine'), 
('0290002B09', '184.95', 'Front Mezzanine'), 
('0290002B10', '184.95', 'Front Mezzanine'), 
('0290002C01', '130.95', 'Rear Mezzanine'), 
('0290002C02', '130.95', 'Rear Mezzanine'), 
('0290002C03', '130.95', 'Rear Mezzanine'), 
('0290002C04', '130.95', 'Rear Mezzanine'), 
('0290002C05', '130.95', 'Rear Mezzanine'), 
('0290002C06', '130.95', 'Rear Mezzanine'), 
('0290002C07', '130.95', 'Rear Mezzanine'), 
('0290002C08', '130.95', 'Rear Mezzanine'), 
('0290002C09', '130.95', 'Rear Mezzanine'), 
('0290002C10', '130.95', 'Rear Mezzanine'), 
('0300001A01', '184.95', 'Orchestra'), 
('0300001A02', '184.95', 'Orchestra'), 
('0300001A03', '184.95', 'Orchestra'), 
('0300001A04', '184.95', 'Orchestra'), 
('0300001A05', '184.95', 'Orchestra'), 
('0300001A06', '184.95', 'Orchestra'), 
('0300001A07', '184.95', 'Orchestra'), 
('0300001A08', '184.95', 'Orchestra'), 
('0300001A09', '184.95', 'Orchestra'), 
('0300001A10', '184.95', 'Orchestra'), 
('0300001B01', '184.95', 'Front Mezzanine'), 
('0300001B02', '184.95', 'Front Mezzanine'), 
('0300001B03', '184.95', 'Front Mezzanine'), 
('0300001B04', '184.95', 'Front Mezzanine'), 
('0300001B05', '184.95', 'Front Mezzanine'), 
('0300001B06', '184.95', 'Front Mezzanine'), 
('0300001B07', '184.95', 'Front Mezzanine'), 
('0300001B08', '184.95', 'Front Mezzanine'), 
('0300001B09', '184.95', 'Front Mezzanine'), 
('0300001B10', '184.95', 'Front Mezzanine'), 
('0300001C01', '94.5', 'Rear Mezzanine'), 
('0300001C02', '94.5', 'Rear Mezzanine'), 
('0300001C03', '94.5', 'Rear Mezzanine'), 
('0300001C04', '94.5', 'Rear Mezzanine'), 
('0300001C05', '94.5', 'Rear Mezzanine'), 
('0300001C06', '94.5', 'Rear Mezzanine'), 
('0300001C07', '94.5', 'Rear Mezzanine'), 
('0300001C08', '94.5', 'Rear Mezzanine'), 
('0300001C09', '94.5', 'Rear Mezzanine'), 
('0300001C10', '94.5', 'Rear Mezzanine'), 
('0300002A01', '184.95', 'Orchestra'), 
('0300002A02', '184.95', 'Orchestra'), 
('0300002A03', '184.95', 'Orchestra'), 
('0300002A04', '184.95', 'Orchestra'), 
('0300002A05', '184.95', 'Orchestra'), 
('0300002A06', '184.95', 'Orchestra'), 
('0300002A07', '184.95', 'Orchestra'), 
('0300002A08', '184.95', 'Orchestra'), 
('0300002A09', '184.95', 'Orchestra'), 
('0300002A10', '184.95', 'Orchestra'), 
('0300002B01', '184.95', 'Front Mezzanine'), 
('0300002B02', '184.95', 'Front Mezzanine'), 
('0300002B03', '184.95', 'Front Mezzanine'), 
('0300002B04', '184.95', 'Front Mezzanine'), 
('0300002B05', '184.95', 'Front Mezzanine'), 
('0300002B06', '184.95', 'Front Mezzanine'), 
('0300002B07', '184.95', 'Front Mezzanine'), 
('0300002B08', '184.95', 'Front Mezzanine'), 
('0300002B09', '184.95', 'Front Mezzanine'), 
('0300002B10', '184.95', 'Front Mezzanine'), 
('0300002C01', '94.5', 'Rear Mezzanine'), 
('0300002C02', '94.5', 'Rear Mezzanine'), 
('0300002C03', '94.5', 'Rear Mezzanine'), 
('0300002C04', '94.5', 'Rear Mezzanine'), 
('0300002C05', '94.5', 'Rear Mezzanine'), 
('0300002C06', '94.5', 'Rear Mezzanine'), 
('0300002C07', '94.5', 'Rear Mezzanine'), 
('0300002C08', '94.5', 'Rear Mezzanine'), 
('0300002C09', '94.5', 'Rear Mezzanine'), 
('0300002C10', '94.5', 'Rear Mezzanine');

INSERT INTO `cast_in` VALUES  
('13501', '10001'), 
('13502', '10001'), 
('13503', '20001'), 
('13504', '20001'), 
('13505', '30001'), 
('13506', '30001'), 
('13507', '40001'), 
('13508', '40001'), 
('13509', '50001'), 
('13510', '50001'), 
('13511', '60001'), 
('13512', '60001'), 
('13513', '70001'), 
('13514', '70001'), 
('13515', '80001'), 
('13516', '80001'), 
('13517', '90001'), 
('13518', '90001'), 
('13519', '100001'), 
('13520', '100001'), 
('13521', '110001'), 
('13522', '110001'), 
('13523', '120001'), 
('13524', '120001'), 
('13525', '130001'), 
('13526', '130001'), 
('13527', '140001'), 
('13528', '150001'), 
('13529', '150001'), 
('13530', '150001'), 
('13531', '160001'), 
('13532', '160001'), 
('13533', '170001'), 
('13534', '170001'), 
('13535', '180001'), 
('13536', '180001'), 
('13537', '190001'), 
('13538', '190001'), 
('13539', '200001'), 
('13540', '200001'), 
('13541', '210001'), 
('13542', '210001'), 
('13543', '220001'), 
('13544', '220001'), 
('13545', '230001'), 
('13546', '230001'), 
('13547', '240001'), 
('13548', '240001'), 
('13549', '250001'), 
('13550', '250001'), 
('13551', '260001'), 
('13552', '260001'), 
('13553', '270001'), 
('13554', '270001'), 
('13555', '280001'), 
('13556', '280001'), 
('13557', '290001'), 
('13558', '290001'), 
('13559', '300001'), 
('13560', '300001'), 
('13501', '10002'), 
('13502', '10002'), 
('13503', '20002'), 
('13504', '20002'), 
('13505', '30002'), 
('13506', '30002'), 
('13507', '40002'), 
('13508', '40002'), 
('13509', '50002'), 
('13510', '50002'), 
('13511', '60002'), 
('13512', '60002'), 
('13513', '70002'), 
('13514', '70002'), 
('13515', '80002'), 
('13516', '80002'), 
('13517', '90002'), 
('13518', '90002'), 
('13519', '100002'), 
('13520', '100002'), 
('13521', '110002'), 
('13522', '110002'), 
('13523', '120002'), 
('13524', '120002'), 
('13525', '130002'), 
('13526', '130002'), 
('13527', '140002'), 
('13528', '150002'), 
('13529', '150002'), 
('13530', '150002'), 
('13531', '160002'), 
('13532', '160002'), 
('13533', '170002'), 
('13534', '170002'), 
('13535', '180002'), 
('13536', '180002'), 
('13537', '190002'), 
('13538', '190002'), 
('13539', '200002'), 
('13540', '200002'), 
('13541', '210002'), 
('13542', '210002'), 
('13543', '220002'), 
('13544', '220002'), 
('13545', '230002'), 
('13546', '230002'), 
('13547', '240002'), 
('13548', '240002'), 
('13549', '250002'), 
('13550', '250002'), 
('13551', '260002'), 
('13552', '260002'), 
('13553', '270002'), 
('13554', '270002'), 
('13555', '280002'), 
('13556', '280002'), 
('13557', '290002'), 
('13558', '290002'), 
('13559', '300002'), 
('13560', '300002'), 
('13514', '210001'), 
('13514', '210001'), 
('13542', '70001'), 
('13542', '70002'), 
('13543', '300001'), 
('13543', '300002'), 
('13544', '300001'), 
('13545', '260001'), 
('13548', '80001'), 
('13548', '80002'), 
('13559', '220001'), 
('13559', '220002');	


INSERT INTO `has` VALUES  
('0010001A01', '10001'), 
('0010001A02', '10001'), 
('0010001A03', '10001'), 
('0010001A04', '10001'), 
('0010001A05', '10001'), 
('0010001A06', '10001'), 
('0010001A07', '10001'), 
('0010001A08', '10001'), 
('0010001A09', '10001'), 
('0010001A10', '10001'), 
('0010001B01', '10001'), 
('0010001B02', '10001'), 
('0010001B03', '10001'), 
('0010001B04', '10001'), 
('0010001B05', '10001'), 
('0010001B06', '10001'), 
('0010001B07', '10001'), 
('0010001B08', '10001'), 
('0010001B09', '10001'), 
('0010001B10', '10001'), 
('0010001C01', '10001'), 
('0010001C02', '10001'), 
('0010001C03', '10001'), 
('0010001C04', '10001'), 
('0010001C05', '10001'), 
('0010001C06', '10001'), 
('0010001C07', '10001'), 
('0010001C08', '10001'), 
('0010001C09', '10001'), 
('0010001C10', '10001'), 
('0010002A01', '10002'), 
('0010002A02', '10002'), 
('0010002A03', '10002'), 
('0010002A04', '10002'), 
('0010002A05', '10002'), 
('0010002A06', '10002'), 
('0010002A07', '10002'), 
('0010002A08', '10002'), 
('0010002A09', '10002'), 
('0010002A10', '10002'), 
('0010002B01', '10002'), 
('0010002B02', '10002'), 
('0010002B03', '10002'), 
('0010002B04', '10002'), 
('0010002B05', '10002'), 
('0010002B06', '10002'), 
('0010002B07', '10002'), 
('0010002B08', '10002'), 
('0010002B09', '10002'), 
('0010002B10', '10002'), 
('0010002C01', '10002'), 
('0010002C02', '10002'), 
('0010002C03', '10002'), 
('0010002C04', '10002'), 
('0010002C05', '10002'), 
('0010002C06', '10002'), 
('0010002C07', '10002'), 
('0010002C08', '10002'), 
('0010002C09', '10002'), 
('0010002C10', '10002'), 
('0020001A01', '20001'), 
('0020001A02', '20001'), 
('0020001A03', '20001'), 
('0020001A04', '20001'), 
('0020001A05', '20001'), 
('0020001A06', '20001'), 
('0020001A07', '20001'), 
('0020001A08', '20001'), 
('0020001A09', '20001'), 
('0020001A10', '20001'), 
('0020001B01', '20001'), 
('0020001B02', '20001'), 
('0020001B03', '20001'), 
('0020001B04', '20001'), 
('0020001B05', '20001'), 
('0020001B06', '20001'), 
('0020001B07', '20001'), 
('0020001B08', '20001'), 
('0020001B09', '20001'), 
('0020001B10', '20001'), 
('0020001C01', '20001'), 
('0020001C02', '20001'), 
('0020001C03', '20001'), 
('0020001C04', '20001'), 
('0020001C05', '20001'), 
('0020001C06', '20001'), 
('0020001C07', '20001'), 
('0020001C08', '20001'), 
('0020001C09', '20001'), 
('0020001C10', '20001'), 
('0020002A01', '20002'), 
('0020002A02', '20002'), 
('0020002A03', '20002'), 
('0020002A04', '20002'), 
('0020002A05', '20002'), 
('0020002A06', '20002'), 
('0020002A07', '20002'), 
('0020002A08', '20002'), 
('0020002A09', '20002'), 
('0020002A10', '20002'), 
('0020002B01', '20002'), 
('0020002B02', '20002'), 
('0020002B03', '20002'), 
('0020002B04', '20002'), 
('0020002B05', '20002'), 
('0020002B06', '20002'), 
('0020002B07', '20002'), 
('0020002B08', '20002'), 
('0020002B09', '20002'), 
('0020002B10', '20002'), 
('0020002C01', '20002'), 
('0020002C02', '20002'), 
('0020002C03', '20002'), 
('0020002C04', '20002'), 
('0020002C05', '20002'), 
('0020002C06', '20002'), 
('0020002C07', '20002'), 
('0020002C08', '20002'), 
('0020002C09', '20002'), 
('0020002C10', '20002'), 
('0030001A01', '30001'), 
('0030001A02', '30001'), 
('0030001A03', '30001'), 
('0030001A04', '30001'), 
('0030001A05', '30001'), 
('0030001A06', '30001'), 
('0030001A07', '30001'), 
('0030001A08', '30001'), 
('0030001A09', '30001'), 
('0030001A10', '30001'), 
('0030001B01', '30001'), 
('0030001B02', '30001'), 
('0030001B03', '30001'), 
('0030001B04', '30001'), 
('0030001B05', '30001'), 
('0030001B06', '30001'), 
('0030001B07', '30001'), 
('0030001B08', '30001'), 
('0030001B09', '30001'), 
('0030001B10', '30001'), 
('0030001C01', '30001'), 
('0030001C02', '30001'), 
('0030001C03', '30001'), 
('0030001C04', '30001'), 
('0030001C05', '30001'), 
('0030001C06', '30001'), 
('0030001C07', '30001'), 
('0030001C08', '30001'), 
('0030001C09', '30001'), 
('0030001C10', '30001'), 
('0030002A01', '30002'), 
('0030002A02', '30002'), 
('0030002A03', '30002'), 
('0030002A04', '30002'), 
('0030002A05', '30002'), 
('0030002A06', '30002'), 
('0030002A07', '30002'), 
('0030002A08', '30002'), 
('0030002A09', '30002'), 
('0030002A10', '30002'), 
('0030002B01', '30002'), 
('0030002B02', '30002'), 
('0030002B03', '30002'), 
('0030002B04', '30002'), 
('0030002B05', '30002'), 
('0030002B06', '30002'), 
('0030002B07', '30002'), 
('0030002B08', '30002'), 
('0030002B09', '30002'), 
('0030002B10', '30002'), 
('0030002C01', '30002'), 
('0030002C02', '30002'), 
('0030002C03', '30002'), 
('0030002C04', '30002'), 
('0030002C05', '30002'), 
('0030002C06', '30002'), 
('0030002C07', '30002'), 
('0030002C08', '30002'), 
('0030002C09', '30002'), 
('0030002C10', '30002'), 
('0040001A01', '40001'), 
('0040001A02', '40001'), 
('0040001A03', '40001'), 
('0040001A04', '40001'), 
('0040001A05', '40001'), 
('0040001A06', '40001'), 
('0040001A07', '40001'), 
('0040001A08', '40001'), 
('0040001A09', '40001'), 
('0040001A10', '40001'), 
('0040001B01', '40001'), 
('0040001B02', '40001'), 
('0040001B03', '40001'), 
('0040001B04', '40001'), 
('0040001B05', '40001'), 
('0040001B06', '40001'), 
('0040001B07', '40001'), 
('0040001B08', '40001'), 
('0040001B09', '40001'), 
('0040001B10', '40001'), 
('0040001C01', '40001'), 
('0040001C02', '40001'), 
('0040001C03', '40001'), 
('0040001C04', '40001'), 
('0040001C05', '40001'), 
('0040001C06', '40001'), 
('0040001C07', '40001'), 
('0040001C08', '40001'), 
('0040001C09', '40001'), 
('0040001C10', '40001'), 
('0040002A01', '40002'), 
('0040002A02', '40002'), 
('0040002A03', '40002'), 
('0040002A04', '40002'), 
('0040002A05', '40002'), 
('0040002A06', '40002'), 
('0040002A07', '40002'), 
('0040002A08', '40002'), 
('0040002A09', '40002'), 
('0040002A10', '40002'), 
('0040002B01', '40002'), 
('0040002B02', '40002'), 
('0040002B03', '40002'), 
('0040002B04', '40002'), 
('0040002B05', '40002'), 
('0040002B06', '40002'), 
('0040002B07', '40002'), 
('0040002B08', '40002'), 
('0040002B09', '40002'), 
('0040002B10', '40002'), 
('0040002C01', '40002'), 
('0040002C02', '40002'), 
('0040002C03', '40002'), 
('0040002C04', '40002'), 
('0040002C05', '40002'), 
('0040002C06', '40002'), 
('0040002C07', '40002'), 
('0040002C08', '40002'), 
('0040002C09', '40002'), 
('0040002C10', '40002'), 
('0050001A01', '50001'), 
('0050001A02', '50001'), 
('0050001A03', '50001'), 
('0050001A04', '50001'), 
('0050001A05', '50001'), 
('0050001A06', '50001'), 
('0050001A07', '50001'), 
('0050001A08', '50001'), 
('0050001A09', '50001'), 
('0050001A10', '50001'), 
('0050001B01', '50001'), 
('0050001B02', '50001'), 
('0050001B03', '50001'), 
('0050001B04', '50001'), 
('0050001B05', '50001'), 
('0050001B06', '50001'), 
('0050001B07', '50001'), 
('0050001B08', '50001'), 
('0050001B09', '50001'), 
('0050001B10', '50001'), 
('0050001C01', '50001'), 
('0050001C02', '50001'), 
('0050001C03', '50001'), 
('0050001C04', '50001'), 
('0050001C05', '50001'), 
('0050001C06', '50001'), 
('0050001C07', '50001'), 
('0050001C08', '50001'), 
('0050001C09', '50001'), 
('0050001C10', '50001'), 
('0050002A01', '50002'), 
('0050002A02', '50002'), 
('0050002A03', '50002'), 
('0050002A04', '50002'), 
('0050002A05', '50002'), 
('0050002A06', '50002'), 
('0050002A07', '50002'), 
('0050002A08', '50002'), 
('0050002A09', '50002'), 
('0050002A10', '50002'), 
('0050002B01', '50002'), 
('0050002B02', '50002'), 
('0050002B03', '50002'), 
('0050002B04', '50002'), 
('0050002B05', '50002'), 
('0050002B06', '50002'), 
('0050002B07', '50002'), 
('0050002B08', '50002'), 
('0050002B09', '50002'), 
('0050002B10', '50002'), 
('0050002C01', '50002'), 
('0050002C02', '50002'), 
('0050002C03', '50002'), 
('0050002C04', '50002'), 
('0050002C05', '50002'), 
('0050002C06', '50002'), 
('0050002C07', '50002'), 
('0050002C08', '50002'), 
('0050002C09', '50002'), 
('0050002C10', '50002'), 
('0060001A01', '60001'), 
('0060001A02', '60001'), 
('0060001A03', '60001'), 
('0060001A04', '60001'), 
('0060001A05', '60001'), 
('0060001A06', '60001'), 
('0060001A07', '60001'), 
('0060001A08', '60001'), 
('0060001A09', '60001'), 
('0060001A10', '60001'), 
('0060001B01', '60001'), 
('0060001B02', '60001'), 
('0060001B03', '60001'), 
('0060001B04', '60001'), 
('0060001B05', '60001'), 
('0060001B06', '60001'), 
('0060001B07', '60001'), 
('0060001B08', '60001'), 
('0060001B09', '60001'), 
('0060001B10', '60001'), 
('0060001C01', '60001'), 
('0060001C02', '60001'), 
('0060001C03', '60001'), 
('0060001C04', '60001'), 
('0060001C05', '60001'), 
('0060001C06', '60001'), 
('0060001C07', '60001'), 
('0060001C08', '60001'), 
('0060001C09', '60001'), 
('0060001C10', '60001'), 
('0060002A01', '60002'), 
('0060002A02', '60002'), 
('0060002A03', '60002'), 
('0060002A04', '60002'), 
('0060002A05', '60002'), 
('0060002A06', '60002'), 
('0060002A07', '60002'), 
('0060002A08', '60002'), 
('0060002A09', '60002'), 
('0060002A10', '60002'), 
('0060002B01', '60002'), 
('0060002B02', '60002'), 
('0060002B03', '60002'), 
('0060002B04', '60002'), 
('0060002B05', '60002'), 
('0060002B06', '60002'), 
('0060002B07', '60002'), 
('0060002B08', '60002'), 
('0060002B09', '60002'), 
('0060002B10', '60002'), 
('0060002C01', '60002'), 
('0060002C02', '60002'), 
('0060002C03', '60002'), 
('0060002C04', '60002'), 
('0060002C05', '60002'), 
('0060002C06', '60002'), 
('0060002C07', '60002'), 
('0060002C08', '60002'), 
('0060002C09', '60002'), 
('0060002C10', '60002'), 
('0070001A01', '70001'), 
('0070001A02', '70001'), 
('0070001A03', '70001'), 
('0070001A04', '70001'), 
('0070001A05', '70001'), 
('0070001A06', '70001'), 
('0070001A07', '70001'), 
('0070001A08', '70001'), 
('0070001A09', '70001'), 
('0070001A10', '70001'), 
('0070001B01', '70001'), 
('0070001B02', '70001'), 
('0070001B03', '70001'), 
('0070001B04', '70001'), 
('0070001B05', '70001'), 
('0070001B06', '70001'), 
('0070001B07', '70001'), 
('0070001B08', '70001'), 
('0070001B09', '70001'), 
('0070001B10', '70001'), 
('0070001C01', '70001'), 
('0070001C02', '70001'), 
('0070001C03', '70001'), 
('0070001C04', '70001'), 
('0070001C05', '70001'), 
('0070001C06', '70001'), 
('0070001C07', '70001'), 
('0070001C08', '70001'), 
('0070001C09', '70001'), 
('0070001C10', '70001'), 
('0070002A01', '70002'), 
('0070002A02', '70002'), 
('0070002A03', '70002'), 
('0070002A04', '70002'), 
('0070002A05', '70002'), 
('0070002A06', '70002'), 
('0070002A07', '70002'), 
('0070002A08', '70002'), 
('0070002A09', '70002'), 
('0070002A10', '70002'), 
('0070002B01', '70002'), 
('0070002B02', '70002'), 
('0070002B03', '70002'), 
('0070002B04', '70002'), 
('0070002B05', '70002'), 
('0070002B06', '70002'), 
('0070002B07', '70002'), 
('0070002B08', '70002'), 
('0070002B09', '70002'), 
('0070002B10', '70002'), 
('0070002C01', '70002'), 
('0070002C02', '70002'), 
('0070002C03', '70002'), 
('0070002C04', '70002'), 
('0070002C05', '70002'), 
('0070002C06', '70002'), 
('0070002C07', '70002'), 
('0070002C08', '70002'), 
('0070002C09', '70002'), 
('0070002C10', '70002'), 
('0080001A01', '80001'), 
('0080001A02', '80001'), 
('0080001A03', '80001'), 
('0080001A04', '80001'), 
('0080001A05', '80001'), 
('0080001A06', '80001'), 
('0080001A07', '80001'), 
('0080001A08', '80001'), 
('0080001A09', '80001'), 
('0080001A10', '80001'), 
('0080001B01', '80001'), 
('0080001B02', '80001'), 
('0080001B03', '80001'), 
('0080001B04', '80001'), 
('0080001B05', '80001'), 
('0080001B06', '80001'), 
('0080001B07', '80001'), 
('0080001B08', '80001'), 
('0080001B09', '80001'), 
('0080001B10', '80001'), 
('0080001C01', '80001'), 
('0080001C02', '80001'), 
('0080001C03', '80001'), 
('0080001C04', '80001'), 
('0080001C05', '80001'), 
('0080001C06', '80001'), 
('0080001C07', '80001'), 
('0080001C08', '80001'), 
('0080001C09', '80001'), 
('0080001C10', '80001'), 
('0080002A01', '80002'), 
('0080002A02', '80002'), 
('0080002A03', '80002'), 
('0080002A04', '80002'), 
('0080002A05', '80002'), 
('0080002A06', '80002'), 
('0080002A07', '80002'), 
('0080002A08', '80002'), 
('0080002A09', '80002'), 
('0080002A10', '80002'), 
('0080002B01', '80002'), 
('0080002B02', '80002'), 
('0080002B03', '80002'), 
('0080002B04', '80002'), 
('0080002B05', '80002'), 
('0080002B06', '80002'), 
('0080002B07', '80002'), 
('0080002B08', '80002'), 
('0080002B09', '80002'), 
('0080002B10', '80002'), 
('0080002C01', '80002'), 
('0080002C02', '80002'), 
('0080002C03', '80002'), 
('0080002C04', '80002'), 
('0080002C05', '80002'), 
('0080002C06', '80002'), 
('0080002C07', '80002'), 
('0080002C08', '80002'), 
('0080002C09', '80002'), 
('0080002C10', '80002'), 
('0090001A01', '90001'), 
('0090001A02', '90001'), 
('0090001A03', '90001'), 
('0090001A04', '90001'), 
('0090001A05', '90001'), 
('0090001A06', '90001'), 
('0090001A07', '90001'), 
('0090001A08', '90001'), 
('0090001A09', '90001'), 
('0090001A10', '90001'), 
('0090001B01', '90001'), 
('0090001B02', '90001'), 
('0090001B03', '90001'), 
('0090001B04', '90001'), 
('0090001B05', '90001'), 
('0090001B06', '90001'), 
('0090001B07', '90001'), 
('0090001B08', '90001'), 
('0090001B09', '90001'), 
('0090001B10', '90001'), 
('0090001C01', '90001'), 
('0090001C02', '90001'), 
('0090001C03', '90001'), 
('0090001C04', '90001'), 
('0090001C05', '90001'), 
('0090001C06', '90001'), 
('0090001C07', '90001'), 
('0090001C08', '90001'), 
('0090001C09', '90001'), 
('0090001C10', '90001'), 
('0090002A01', '90002'), 
('0090002A02', '90002'), 
('0090002A03', '90002'), 
('0090002A04', '90002'), 
('0090002A05', '90002'), 
('0090002A06', '90002'), 
('0090002A07', '90002'), 
('0090002A08', '90002'), 
('0090002A09', '90002'), 
('0090002A10', '90002'), 
('0090002B01', '90002'), 
('0090002B02', '90002'), 
('0090002B03', '90002'), 
('0090002B04', '90002'), 
('0090002B05', '90002'), 
('0090002B06', '90002'), 
('0090002B07', '90002'), 
('0090002B08', '90002'), 
('0090002B09', '90002'), 
('0090002B10', '90002'), 
('0090002C01', '90002'), 
('0090002C02', '90002'), 
('0090002C03', '90002'), 
('0090002C04', '90002'), 
('0090002C05', '90002'), 
('0090002C06', '90002'), 
('0090002C07', '90002'), 
('0090002C08', '90002'), 
('0090002C09', '90002'), 
('0090002C10', '90002'), 
('0100001A01', '100001'), 
('0100001A02', '100001'), 
('0100001A03', '100001'), 
('0100001A04', '100001'), 
('0100001A05', '100001'), 
('0100001A06', '100001'), 
('0100001A07', '100001'), 
('0100001A08', '100001'), 
('0100001A09', '100001'), 
('0100001A10', '100001'), 
('0100001B01', '100001'), 
('0100001B02', '100001'), 
('0100001B03', '100001'), 
('0100001B04', '100001'), 
('0100001B05', '100001'), 
('0100001B06', '100001'), 
('0100001B07', '100001'), 
('0100001B08', '100001'), 
('0100001B09', '100001'), 
('0100001B10', '100001'), 
('0100001C01', '100001'), 
('0100001C02', '100001'), 
('0100001C03', '100001'), 
('0100001C04', '100001'), 
('0100001C05', '100001'), 
('0100001C06', '100001'), 
('0100001C07', '100001'), 
('0100001C08', '100001'), 
('0100001C09', '100001'), 
('0100001C10', '100001'), 
('0100002A01', '100002'), 
('0100002A02', '100002'), 
('0100002A03', '100002'), 
('0100002A04', '100002'), 
('0100002A05', '100002'), 
('0100002A06', '100002'), 
('0100002A07', '100002'), 
('0100002A08', '100002'), 
('0100002A09', '100002'), 
('0100002A10', '100002'), 
('0100002B01', '100002'), 
('0100002B02', '100002'), 
('0100002B03', '100002'), 
('0100002B04', '100002'), 
('0100002B05', '100002'), 
('0100002B06', '100002'), 
('0100002B07', '100002'), 
('0100002B08', '100002'), 
('0100002B09', '100002'), 
('0100002B10', '100002'), 
('0100002C01', '100002'), 
('0100002C02', '100002'), 
('0100002C03', '100002'), 
('0100002C04', '100002'), 
('0100002C05', '100002'), 
('0100002C06', '100002'), 
('0100002C07', '100002'), 
('0100002C08', '100002'), 
('0100002C09', '100002'), 
('0100002C10', '100002'), 
('0110001A01', '110001'), 
('0110001A02', '110001'), 
('0110001A03', '110001'), 
('0110001A04', '110001'), 
('0110001A05', '110001'), 
('0110001A06', '110001'), 
('0110001A07', '110001'), 
('0110001A08', '110001'), 
('0110001A09', '110001'), 
('0110001A10', '110001'), 
('0110001B01', '110001'), 
('0110001B02', '110001'), 
('0110001B03', '110001'), 
('0110001B04', '110001'), 
('0110001B05', '110001'), 
('0110001B06', '110001'), 
('0110001B07', '110001'), 
('0110001B08', '110001'), 
('0110001B09', '110001'), 
('0110001B10', '110001'), 
('0110001C01', '110001'), 
('0110001C02', '110001'), 
('0110001C03', '110001'), 
('0110001C04', '110001'), 
('0110001C05', '110001'), 
('0110001C06', '110001'), 
('0110001C07', '110001'), 
('0110001C08', '110001'), 
('0110001C09', '110001'), 
('0110001C10', '110001'), 
('0110002A01', '110002'), 
('0110002A02', '110002'), 
('0110002A03', '110002'), 
('0110002A04', '110002'), 
('0110002A05', '110002'), 
('0110002A06', '110002'), 
('0110002A07', '110002'), 
('0110002A08', '110002'), 
('0110002A09', '110002'), 
('0110002A10', '110002'), 
('0110002B01', '110002'), 
('0110002B02', '110002'), 
('0110002B03', '110002'), 
('0110002B04', '110002'), 
('0110002B05', '110002'), 
('0110002B06', '110002'), 
('0110002B07', '110002'), 
('0110002B08', '110002'), 
('0110002B09', '110002'), 
('0110002B10', '110002'), 
('0110002C01', '110002'), 
('0110002C02', '110002'), 
('0110002C03', '110002'), 
('0110002C04', '110002'), 
('0110002C05', '110002'), 
('0110002C06', '110002'), 
('0110002C07', '110002'), 
('0110002C08', '110002'), 
('0110002C09', '110002'), 
('0110002C10', '110002'), 
('0120001A01', '120001'), 
('0120001A02', '120001'), 
('0120001A03', '120001'), 
('0120001A04', '120001'), 
('0120001A05', '120001'), 
('0120001A06', '120001'), 
('0120001A07', '120001'), 
('0120001A08', '120001'), 
('0120001A09', '120001'), 
('0120001A10', '120001'), 
('0120001B01', '120001'), 
('0120001B02', '120001'), 
('0120001B03', '120001'), 
('0120001B04', '120001'), 
('0120001B05', '120001'), 
('0120001B06', '120001'), 
('0120001B07', '120001'), 
('0120001B08', '120001'), 
('0120001B09', '120001'), 
('0120001B10', '120001'), 
('0120001C01', '120001'), 
('0120001C02', '120001'), 
('0120001C03', '120001'), 
('0120001C04', '120001'), 
('0120001C05', '120001'), 
('0120001C06', '120001'), 
('0120001C07', '120001'), 
('0120001C08', '120001'), 
('0120001C09', '120001'), 
('0120001C10', '120001'), 
('0120002A01', '120002'), 
('0120002A02', '120002'), 
('0120002A03', '120002'), 
('0120002A04', '120002'), 
('0120002A05', '120002'), 
('0120002A06', '120002'), 
('0120002A07', '120002'), 
('0120002A08', '120002'), 
('0120002A09', '120002'), 
('0120002A10', '120002'), 
('0120002B01', '120002'), 
('0120002B02', '120002'), 
('0120002B03', '120002'), 
('0120002B04', '120002'), 
('0120002B05', '120002'), 
('0120002B06', '120002'), 
('0120002B07', '120002'), 
('0120002B08', '120002'), 
('0120002B09', '120002'), 
('0120002B10', '120002'), 
('0120002C01', '120002'), 
('0120002C02', '120002'), 
('0120002C03', '120002'), 
('0120002C04', '120002'), 
('0120002C05', '120002'), 
('0120002C06', '120002'), 
('0120002C07', '120002'), 
('0120002C08', '120002'), 
('0120002C09', '120002'), 
('0120002C10', '120002'), 
('0130001A01', '130001'), 
('0130001A02', '130001'), 
('0130001A03', '130001'), 
('0130001A04', '130001'), 
('0130001A05', '130001'), 
('0130001A06', '130001'), 
('0130001A07', '130001'), 
('0130001A08', '130001'), 
('0130001A09', '130001'), 
('0130001A10', '130001'), 
('0130001B01', '130001'), 
('0130001B02', '130001'), 
('0130001B03', '130001'), 
('0130001B04', '130001'), 
('0130001B05', '130001'), 
('0130001B06', '130001'), 
('0130001B07', '130001'), 
('0130001B08', '130001'), 
('0130001B09', '130001'), 
('0130001B10', '130001'), 
('0130001C01', '130001'), 
('0130001C02', '130001'), 
('0130001C03', '130001'), 
('0130001C04', '130001'), 
('0130001C05', '130001'), 
('0130001C06', '130001'), 
('0130001C07', '130001'), 
('0130001C08', '130001'), 
('0130001C09', '130001'), 
('0130001C10', '130001'), 
('0130002A01', '130002'), 
('0130002A02', '130002'), 
('0130002A03', '130002'), 
('0130002A04', '130002'), 
('0130002A05', '130002'), 
('0130002A06', '130002'), 
('0130002A07', '130002'), 
('0130002A08', '130002'), 
('0130002A09', '130002'), 
('0130002A10', '130002'), 
('0130002B01', '130002'), 
('0130002B02', '130002'), 
('0130002B03', '130002'), 
('0130002B04', '130002'), 
('0130002B05', '130002'), 
('0130002B06', '130002'), 
('0130002B07', '130002'), 
('0130002B08', '130002'), 
('0130002B09', '130002'), 
('0130002B10', '130002'), 
('0130002C01', '130002'), 
('0130002C02', '130002'), 
('0130002C03', '130002'), 
('0130002C04', '130002'), 
('0130002C05', '130002'), 
('0130002C06', '130002'), 
('0130002C07', '130002'), 
('0130002C08', '130002'), 
('0130002C09', '130002'), 
('0130002C10', '130002'), 
('0140001A01', '140001'), 
('0140001A02', '140001'), 
('0140001A03', '140001'), 
('0140001A04', '140001'), 
('0140001A05', '140001'), 
('0140001A06', '140001'), 
('0140001A07', '140001'), 
('0140001A08', '140001'), 
('0140001A09', '140001'), 
('0140001A10', '140001'), 
('0140001B01', '140001'), 
('0140001B02', '140001'), 
('0140001B03', '140001'), 
('0140001B04', '140001'), 
('0140001B05', '140001'), 
('0140001B06', '140001'), 
('0140001B07', '140001'), 
('0140001B08', '140001'), 
('0140001B09', '140001'), 
('0140001B10', '140001'), 
('0140001C01', '140001'), 
('0140001C02', '140001'), 
('0140001C03', '140001'), 
('0140001C04', '140001'), 
('0140001C05', '140001'), 
('0140001C06', '140001'), 
('0140001C07', '140001'), 
('0140001C08', '140001'), 
('0140001C09', '140001'), 
('0140001C10', '140001'), 
('0140002A01', '140002'), 
('0140002A02', '140002'), 
('0140002A03', '140002'), 
('0140002A04', '140002'), 
('0140002A05', '140002'), 
('0140002A06', '140002'), 
('0140002A07', '140002'), 
('0140002A08', '140002'), 
('0140002A09', '140002'), 
('0140002A10', '140002'), 
('0140002B01', '140002'), 
('0140002B02', '140002'), 
('0140002B03', '140002'), 
('0140002B04', '140002'), 
('0140002B05', '140002'), 
('0140002B06', '140002'), 
('0140002B07', '140002'), 
('0140002B08', '140002'), 
('0140002B09', '140002'), 
('0140002B10', '140002'), 
('0140002C01', '140002'), 
('0140002C02', '140002'), 
('0140002C03', '140002'), 
('0140002C04', '140002'), 
('0140002C05', '140002'), 
('0140002C06', '140002'), 
('0140002C07', '140002'), 
('0140002C08', '140002'), 
('0140002C09', '140002'), 
('0140002C10', '140002'), 
('0150001A01', '150001'), 
('0150001A02', '150001'), 
('0150001A03', '150001'), 
('0150001A04', '150001'), 
('0150001A05', '150001'), 
('0150001A06', '150001'), 
('0150001A07', '150001'), 
('0150001A08', '150001'), 
('0150001A09', '150001'), 
('0150001A10', '150001'), 
('0150001B01', '150001'), 
('0150001B02', '150001'), 
('0150001B03', '150001'), 
('0150001B04', '150001'), 
('0150001B05', '150001'), 
('0150001B06', '150001'), 
('0150001B07', '150001'), 
('0150001B08', '150001'), 
('0150001B09', '150001'), 
('0150001B10', '150001'), 
('0150001C01', '150001'), 
('0150001C02', '150001'), 
('0150001C03', '150001'), 
('0150001C04', '150001'), 
('0150001C05', '150001'), 
('0150001C06', '150001'), 
('0150001C07', '150001'), 
('0150001C08', '150001'), 
('0150001C09', '150001'), 
('0150001C10', '150001'), 
('0150002A01', '150002'), 
('0150002A02', '150002'), 
('0150002A03', '150002'), 
('0150002A04', '150002'), 
('0150002A05', '150002'), 
('0150002A06', '150002'), 
('0150002A07', '150002'), 
('0150002A08', '150002'), 
('0150002A09', '150002'), 
('0150002A10', '150002'), 
('0150002B01', '150002'), 
('0150002B02', '150002'), 
('0150002B03', '150002'), 
('0150002B04', '150002'), 
('0150002B05', '150002'), 
('0150002B06', '150002'), 
('0150002B07', '150002'), 
('0150002B08', '150002'), 
('0150002B09', '150002'), 
('0150002B10', '150002'), 
('0150002C01', '150002'), 
('0150002C02', '150002'), 
('0150002C03', '150002'), 
('0150002C04', '150002'), 
('0150002C05', '150002'), 
('0150002C06', '150002'), 
('0150002C07', '150002'), 
('0150002C08', '150002'), 
('0150002C09', '150002'), 
('0150002C10', '150002'), 
('0160001A01', '160001'), 
('0160001A02', '160001'), 
('0160001A03', '160001'), 
('0160001A04', '160001'), 
('0160001A05', '160001'), 
('0160001A06', '160001'), 
('0160001A07', '160001'), 
('0160001A08', '160001'), 
('0160001A09', '160001'), 
('0160001A10', '160001'), 
('0160001B01', '160001'), 
('0160001B02', '160001'), 
('0160001B03', '160001'), 
('0160001B04', '160001'), 
('0160001B05', '160001'), 
('0160001B06', '160001'), 
('0160001B07', '160001'), 
('0160001B08', '160001'), 
('0160001B09', '160001'), 
('0160001B10', '160001'), 
('0160001C01', '160001'), 
('0160001C02', '160001'), 
('0160001C03', '160001'), 
('0160001C04', '160001'), 
('0160001C05', '160001'), 
('0160001C06', '160001'), 
('0160001C07', '160001'), 
('0160001C08', '160001'), 
('0160001C09', '160001'), 
('0160001C10', '160001'), 
('0160002A01', '160002'), 
('0160002A02', '160002'), 
('0160002A03', '160002'), 
('0160002A04', '160002'), 
('0160002A05', '160002'), 
('0160002A06', '160002'), 
('0160002A07', '160002'), 
('0160002A08', '160002'), 
('0160002A09', '160002'), 
('0160002A10', '160002'), 
('0160002B01', '160002'), 
('0160002B02', '160002'), 
('0160002B03', '160002'), 
('0160002B04', '160002'), 
('0160002B05', '160002'), 
('0160002B06', '160002'), 
('0160002B07', '160002'), 
('0160002B08', '160002'), 
('0160002B09', '160002'), 
('0160002B10', '160002'), 
('0160002C01', '160002'), 
('0160002C02', '160002'), 
('0160002C03', '160002'), 
('0160002C04', '160002'), 
('0160002C05', '160002'), 
('0160002C06', '160002'), 
('0160002C07', '160002'), 
('0160002C08', '160002'), 
('0160002C09', '160002'), 
('0160002C10', '160002'), 
('0170001A01', '170001'), 
('0170001A02', '170001'), 
('0170001A03', '170001'), 
('0170001A04', '170001'), 
('0170001A05', '170001'), 
('0170001A06', '170001'), 
('0170001A07', '170001'), 
('0170001A08', '170001'), 
('0170001A09', '170001'), 
('0170001A10', '170001'), 
('0170001B01', '170001'), 
('0170001B02', '170001'), 
('0170001B03', '170001'), 
('0170001B04', '170001'), 
('0170001B05', '170001'), 
('0170001B06', '170001'), 
('0170001B07', '170001'), 
('0170001B08', '170001'), 
('0170001B09', '170001'), 
('0170001B10', '170001'), 
('0170001C01', '170001'), 
('0170001C02', '170001'), 
('0170001C03', '170001'), 
('0170001C04', '170001'), 
('0170001C05', '170001'), 
('0170001C06', '170001'), 
('0170001C07', '170001'), 
('0170001C08', '170001'), 
('0170001C09', '170001'), 
('0170001C10', '170001'), 
('0170002A01', '170002'), 
('0170002A02', '170002'), 
('0170002A03', '170002'), 
('0170002A04', '170002'), 
('0170002A05', '170002'), 
('0170002A06', '170002'), 
('0170002A07', '170002'), 
('0170002A08', '170002'), 
('0170002A09', '170002'), 
('0170002A10', '170002'), 
('0170002B01', '170002'), 
('0170002B02', '170002'), 
('0170002B03', '170002'), 
('0170002B04', '170002'), 
('0170002B05', '170002'), 
('0170002B06', '170002'), 
('0170002B07', '170002'), 
('0170002B08', '170002'), 
('0170002B09', '170002'), 
('0170002B10', '170002'), 
('0170002C01', '170002'), 
('0170002C02', '170002'), 
('0170002C03', '170002'), 
('0170002C04', '170002'), 
('0170002C05', '170002'), 
('0170002C06', '170002'), 
('0170002C07', '170002'), 
('0170002C08', '170002'), 
('0170002C09', '170002'), 
('0170002C10', '170002'), 
('0180001A01', '180001'), 
('0180001A02', '180001'), 
('0180001A03', '180001'), 
('0180001A04', '180001'), 
('0180001A05', '180001'), 
('0180001A06', '180001'), 
('0180001A07', '180001'), 
('0180001A08', '180001'), 
('0180001A09', '180001'), 
('0180001A10', '180001'), 
('0180001B01', '180001'), 
('0180001B02', '180001'), 
('0180001B03', '180001'), 
('0180001B04', '180001'), 
('0180001B05', '180001'), 
('0180001B06', '180001'), 
('0180001B07', '180001'), 
('0180001B08', '180001'), 
('0180001B09', '180001'), 
('0180001B10', '180001'), 
('0180001C01', '180001'), 
('0180001C02', '180001'), 
('0180001C03', '180001'), 
('0180001C04', '180001'), 
('0180001C05', '180001'), 
('0180001C06', '180001'), 
('0180001C07', '180001'), 
('0180001C08', '180001'), 
('0180001C09', '180001'), 
('0180001C10', '180001'), 
('0180002A01', '180002'), 
('0180002A02', '180002'), 
('0180002A03', '180002'), 
('0180002A04', '180002'), 
('0180002A05', '180002'), 
('0180002A06', '180002'), 
('0180002A07', '180002'), 
('0180002A08', '180002'), 
('0180002A09', '180002'), 
('0180002A10', '180002'), 
('0180002B01', '180002'), 
('0180002B02', '180002'), 
('0180002B03', '180002'), 
('0180002B04', '180002'), 
('0180002B05', '180002'), 
('0180002B06', '180002'), 
('0180002B07', '180002'), 
('0180002B08', '180002'), 
('0180002B09', '180002'), 
('0180002B10', '180002'), 
('0180002C01', '180002'), 
('0180002C02', '180002'), 
('0180002C03', '180002'), 
('0180002C04', '180002'), 
('0180002C05', '180002'), 
('0180002C06', '180002'), 
('0180002C07', '180002'), 
('0180002C08', '180002'), 
('0180002C09', '180002'), 
('0180002C10', '180002'), 
('0190001A01', '190001'), 
('0190001A02', '190001'), 
('0190001A03', '190001'), 
('0190001A04', '190001'), 
('0190001A05', '190001'), 
('0190001A06', '190001'), 
('0190001A07', '190001'), 
('0190001A08', '190001'), 
('0190001A09', '190001'), 
('0190001A10', '190001'), 
('0190001B01', '190001'), 
('0190001B02', '190001'), 
('0190001B03', '190001'), 
('0190001B04', '190001'), 
('0190001B05', '190001'), 
('0190001B06', '190001'), 
('0190001B07', '190001'), 
('0190001B08', '190001'), 
('0190001B09', '190001'), 
('0190001B10', '190001'), 
('0190001C01', '190001'), 
('0190001C02', '190001'), 
('0190001C03', '190001'), 
('0190001C04', '190001'), 
('0190001C05', '190001'), 
('0190001C06', '190001'), 
('0190001C07', '190001'), 
('0190001C08', '190001'), 
('0190001C09', '190001'), 
('0190001C10', '190001'), 
('0190002A01', '190002'), 
('0190002A02', '190002'), 
('0190002A03', '190002'), 
('0190002A04', '190002'), 
('0190002A05', '190002'), 
('0190002A06', '190002'), 
('0190002A07', '190002'), 
('0190002A08', '190002'), 
('0190002A09', '190002'), 
('0190002A10', '190002'), 
('0190002B01', '190002'), 
('0190002B02', '190002'), 
('0190002B03', '190002'), 
('0190002B04', '190002'), 
('0190002B05', '190002'), 
('0190002B06', '190002'), 
('0190002B07', '190002'), 
('0190002B08', '190002'), 
('0190002B09', '190002'), 
('0190002B10', '190002'), 
('0190002C01', '190002'), 
('0190002C02', '190002'), 
('0190002C03', '190002'), 
('0190002C04', '190002'), 
('0190002C05', '190002'), 
('0190002C06', '190002'), 
('0190002C07', '190002'), 
('0190002C08', '190002'), 
('0190002C09', '190002'), 
('0190002C10', '190002'), 
('0200001A01', '200001'), 
('0200001A02', '200001'), 
('0200001A03', '200001'), 
('0200001A04', '200001'), 
('0200001A05', '200001'), 
('0200001A06', '200001'), 
('0200001A07', '200001'), 
('0200001A08', '200001'), 
('0200001A09', '200001'), 
('0200001A10', '200001'), 
('0200001B01', '200001'), 
('0200001B02', '200001'), 
('0200001B03', '200001'), 
('0200001B04', '200001'), 
('0200001B05', '200001'), 
('0200001B06', '200001'), 
('0200001B07', '200001'), 
('0200001B08', '200001'), 
('0200001B09', '200001'), 
('0200001B10', '200001'), 
('0200001C01', '200001'), 
('0200001C02', '200001'), 
('0200001C03', '200001'), 
('0200001C04', '200001'), 
('0200001C05', '200001'), 
('0200001C06', '200001'), 
('0200001C07', '200001'), 
('0200001C08', '200001'), 
('0200001C09', '200001'), 
('0200001C10', '200001'), 
('0200002A01', '200002'), 
('0200002A02', '200002'), 
('0200002A03', '200002'), 
('0200002A04', '200002'), 
('0200002A05', '200002'), 
('0200002A06', '200002'), 
('0200002A07', '200002'), 
('0200002A08', '200002'), 
('0200002A09', '200002'), 
('0200002A10', '200002'), 
('0200002B01', '200002'), 
('0200002B02', '200002'), 
('0200002B03', '200002'), 
('0200002B04', '200002'), 
('0200002B05', '200002'), 
('0200002B06', '200002'), 
('0200002B07', '200002'), 
('0200002B08', '200002'), 
('0200002B09', '200002'), 
('0200002B10', '200002'), 
('0200002C01', '200002'), 
('0200002C02', '200002'), 
('0200002C03', '200002'), 
('0200002C04', '200002'), 
('0200002C05', '200002'), 
('0200002C06', '200002'), 
('0200002C07', '200002'), 
('0200002C08', '200002'), 
('0200002C09', '200002'), 
('0200002C10', '200002'), 
('0210001A01', '210001'), 
('0210001A02', '210001'), 
('0210001A03', '210001'), 
('0210001A04', '210001'), 
('0210001A05', '210001'), 
('0210001A06', '210001'), 
('0210001A07', '210001'), 
('0210001A08', '210001'), 
('0210001A09', '210001'), 
('0210001A10', '210001'), 
('0210001B01', '210001'), 
('0210001B02', '210001'), 
('0210001B03', '210001'), 
('0210001B04', '210001'), 
('0210001B05', '210001'), 
('0210001B06', '210001'), 
('0210001B07', '210001'), 
('0210001B08', '210001'), 
('0210001B09', '210001'), 
('0210001B10', '210001'), 
('0210001C01', '210001'), 
('0210001C02', '210001'), 
('0210001C03', '210001'), 
('0210001C04', '210001'), 
('0210001C05', '210001'), 
('0210001C06', '210001'), 
('0210001C07', '210001'), 
('0210001C08', '210001'), 
('0210001C09', '210001'), 
('0210001C10', '210001'), 
('0210002A01', '210002'), 
('0210002A02', '210002'), 
('0210002A03', '210002'), 
('0210002A04', '210002'), 
('0210002A05', '210002'), 
('0210002A06', '210002'), 
('0210002A07', '210002'), 
('0210002A08', '210002'), 
('0210002A09', '210002'), 
('0210002A10', '210002'), 
('0210002B01', '210002'), 
('0210002B02', '210002'), 
('0210002B03', '210002'), 
('0210002B04', '210002'), 
('0210002B05', '210002'), 
('0210002B06', '210002'), 
('0210002B07', '210002'), 
('0210002B08', '210002'), 
('0210002B09', '210002'), 
('0210002B10', '210002'), 
('0210002C01', '210002'), 
('0210002C02', '210002'), 
('0210002C03', '210002'), 
('0210002C04', '210002'), 
('0210002C05', '210002'), 
('0210002C06', '210002'), 
('0210002C07', '210002'), 
('0210002C08', '210002'), 
('0210002C09', '210002'), 
('0210002C10', '210002'), 
('0220001A01', '220001'), 
('0220001A02', '220001'), 
('0220001A03', '220001'), 
('0220001A04', '220001'), 
('0220001A05', '220001'), 
('0220001A06', '220001'), 
('0220001A07', '220001'), 
('0220001A08', '220001'), 
('0220001A09', '220001'), 
('0220001A10', '220001'), 
('0220001B01', '220001'), 
('0220001B02', '220001'), 
('0220001B03', '220001'), 
('0220001B04', '220001'), 
('0220001B05', '220001'), 
('0220001B06', '220001'), 
('0220001B07', '220001'), 
('0220001B08', '220001'), 
('0220001B09', '220001'), 
('0220001B10', '220001'), 
('0220001C01', '220001'), 
('0220001C02', '220001'), 
('0220001C03', '220001'), 
('0220001C04', '220001'), 
('0220001C05', '220001'), 
('0220001C06', '220001'), 
('0220001C07', '220001'), 
('0220001C08', '220001'), 
('0220001C09', '220001'), 
('0220001C10', '220001'), 
('0220002A01', '220002'), 
('0220002A02', '220002'), 
('0220002A03', '220002'), 
('0220002A04', '220002'), 
('0220002A05', '220002'), 
('0220002A06', '220002'), 
('0220002A07', '220002'), 
('0220002A08', '220002'), 
('0220002A09', '220002'), 
('0220002A10', '220002'), 
('0220002B01', '220002'), 
('0220002B02', '220002'), 
('0220002B03', '220002'), 
('0220002B04', '220002'), 
('0220002B05', '220002'), 
('0220002B06', '220002'), 
('0220002B07', '220002'), 
('0220002B08', '220002'), 
('0220002B09', '220002'), 
('0220002B10', '220002'), 
('0220002C01', '220002'), 
('0220002C02', '220002'), 
('0220002C03', '220002'), 
('0220002C04', '220002'), 
('0220002C05', '220002'), 
('0220002C06', '220002'), 
('0220002C07', '220002'), 
('0220002C08', '220002'), 
('0220002C09', '220002'), 
('0220002C10', '220002'), 
('0230001A01', '230001'), 
('0230001A02', '230001'), 
('0230001A03', '230001'), 
('0230001A04', '230001'), 
('0230001A05', '230001'), 
('0230001A06', '230001'), 
('0230001A07', '230001'), 
('0230001A08', '230001'), 
('0230001A09', '230001'), 
('0230001A10', '230001'), 
('0230001B01', '230001'), 
('0230001B02', '230001'), 
('0230001B03', '230001'), 
('0230001B04', '230001'), 
('0230001B05', '230001'), 
('0230001B06', '230001'), 
('0230001B07', '230001'), 
('0230001B08', '230001'), 
('0230001B09', '230001'), 
('0230001B10', '230001'), 
('0230001C01', '230001'), 
('0230001C02', '230001'), 
('0230001C03', '230001'), 
('0230001C04', '230001'), 
('0230001C05', '230001'), 
('0230001C06', '230001'), 
('0230001C07', '230001'), 
('0230001C08', '230001'), 
('0230001C09', '230001'), 
('0230001C10', '230001'), 
('0230002A01', '230002'), 
('0230002A02', '230002'), 
('0230002A03', '230002'), 
('0230002A04', '230002'), 
('0230002A05', '230002'), 
('0230002A06', '230002'), 
('0230002A07', '230002'), 
('0230002A08', '230002'), 
('0230002A09', '230002'), 
('0230002A10', '230002'), 
('0230002B01', '230002'), 
('0230002B02', '230002'), 
('0230002B03', '230002'), 
('0230002B04', '230002'), 
('0230002B05', '230002'), 
('0230002B06', '230002'), 
('0230002B07', '230002'), 
('0230002B08', '230002'), 
('0230002B09', '230002'), 
('0230002B10', '230002'), 
('0230002C01', '230002'), 
('0230002C02', '230002'), 
('0230002C03', '230002'), 
('0230002C04', '230002'), 
('0230002C05', '230002'), 
('0230002C06', '230002'), 
('0230002C07', '230002'), 
('0230002C08', '230002'), 
('0230002C09', '230002'), 
('0230002C10', '230002'), 
('0240001A01', '240001'), 
('0240001A02', '240001'), 
('0240001A03', '240001'), 
('0240001A04', '240001'), 
('0240001A05', '240001'), 
('0240001A06', '240001'), 
('0240001A07', '240001'), 
('0240001A08', '240001'), 
('0240001A09', '240001'), 
('0240001A10', '240001'), 
('0240001B01', '240001'), 
('0240001B02', '240001'), 
('0240001B03', '240001'), 
('0240001B04', '240001'), 
('0240001B05', '240001'), 
('0240001B06', '240001'), 
('0240001B07', '240001'), 
('0240001B08', '240001'), 
('0240001B09', '240001'), 
('0240001B10', '240001'), 
('0240001C01', '240001'), 
('0240001C02', '240001'), 
('0240001C03', '240001'), 
('0240001C04', '240001'), 
('0240001C05', '240001'), 
('0240001C06', '240001'), 
('0240001C07', '240001'), 
('0240001C08', '240001'), 
('0240001C09', '240001'), 
('0240001C10', '240001'), 
('0240002A01', '240002'), 
('0240002A02', '240002'), 
('0240002A03', '240002'), 
('0240002A04', '240002'), 
('0240002A05', '240002'), 
('0240002A06', '240002'), 
('0240002A07', '240002'), 
('0240002A08', '240002'), 
('0240002A09', '240002'), 
('0240002A10', '240002'), 
('0240002B01', '240002'), 
('0240002B02', '240002'), 
('0240002B03', '240002'), 
('0240002B04', '240002'), 
('0240002B05', '240002'), 
('0240002B06', '240002'), 
('0240002B07', '240002'), 
('0240002B08', '240002'), 
('0240002B09', '240002'), 
('0240002B10', '240002'), 
('0240002C01', '240002'), 
('0240002C02', '240002'), 
('0240002C03', '240002'), 
('0240002C04', '240002'), 
('0240002C05', '240002'), 
('0240002C06', '240002'), 
('0240002C07', '240002'), 
('0240002C08', '240002'), 
('0240002C09', '240002'), 
('0240002C10', '240002'), 
('0250001A01', '250001'), 
('0250001A02', '250001'), 
('0250001A03', '250001'), 
('0250001A04', '250001'), 
('0250001A05', '250001'), 
('0250001A06', '250001'), 
('0250001A07', '250001'), 
('0250001A08', '250001'), 
('0250001A09', '250001'), 
('0250001A10', '250001'), 
('0250001B01', '250001'), 
('0250001B02', '250001'), 
('0250001B03', '250001'), 
('0250001B04', '250001'), 
('0250001B05', '250001'), 
('0250001B06', '250001'), 
('0250001B07', '250001'), 
('0250001B08', '250001'), 
('0250001B09', '250001'), 
('0250001B10', '250001'), 
('0250001C01', '250001'), 
('0250001C02', '250001'), 
('0250001C03', '250001'), 
('0250001C04', '250001'), 
('0250001C05', '250001'), 
('0250001C06', '250001'), 
('0250001C07', '250001'), 
('0250001C08', '250001'), 
('0250001C09', '250001'), 
('0250001C10', '250001'), 
('0250002A01', '250002'), 
('0250002A02', '250002'), 
('0250002A03', '250002'), 
('0250002A04', '250002'), 
('0250002A05', '250002'), 
('0250002A06', '250002'), 
('0250002A07', '250002'), 
('0250002A08', '250002'), 
('0250002A09', '250002'), 
('0250002A10', '250002'), 
('0250002B01', '250002'), 
('0250002B02', '250002'), 
('0250002B03', '250002'), 
('0250002B04', '250002'), 
('0250002B05', '250002'), 
('0250002B06', '250002'), 
('0250002B07', '250002'), 
('0250002B08', '250002'), 
('0250002B09', '250002'), 
('0250002B10', '250002'), 
('0250002C01', '250002'), 
('0250002C02', '250002'), 
('0250002C03', '250002'), 
('0250002C04', '250002'), 
('0250002C05', '250002'), 
('0250002C06', '250002'), 
('0250002C07', '250002'), 
('0250002C08', '250002'), 
('0250002C09', '250002'), 
('0250002C10', '250002'), 
('0260001A01', '260001'), 
('0260001A02', '260001'), 
('0260001A03', '260001'), 
('0260001A04', '260001'), 
('0260001A05', '260001'), 
('0260001A06', '260001'), 
('0260001A07', '260001'), 
('0260001A08', '260001'), 
('0260001A09', '260001'), 
('0260001A10', '260001'), 
('0260001B01', '260001'), 
('0260001B02', '260001'), 
('0260001B03', '260001'), 
('0260001B04', '260001'), 
('0260001B05', '260001'), 
('0260001B06', '260001'), 
('0260001B07', '260001'), 
('0260001B08', '260001'), 
('0260001B09', '260001'), 
('0260001B10', '260001'), 
('0260001C01', '260001'), 
('0260001C02', '260001'), 
('0260001C03', '260001'), 
('0260001C04', '260001'), 
('0260001C05', '260001'), 
('0260001C06', '260001'), 
('0260001C07', '260001'), 
('0260001C08', '260001'), 
('0260001C09', '260001'), 
('0260001C10', '260001'), 
('0260002A01', '260002'), 
('0260002A02', '260002'), 
('0260002A03', '260002'), 
('0260002A04', '260002'), 
('0260002A05', '260002'), 
('0260002A06', '260002'), 
('0260002A07', '260002'), 
('0260002A08', '260002'), 
('0260002A09', '260002'), 
('0260002A10', '260002'), 
('0260002B01', '260002'), 
('0260002B02', '260002'), 
('0260002B03', '260002'), 
('0260002B04', '260002'), 
('0260002B05', '260002'), 
('0260002B06', '260002'), 
('0260002B07', '260002'), 
('0260002B08', '260002'), 
('0260002B09', '260002'), 
('0260002B10', '260002'), 
('0260002C01', '260002'), 
('0260002C02', '260002'), 
('0260002C03', '260002'), 
('0260002C04', '260002'), 
('0260002C05', '260002'), 
('0260002C06', '260002'), 
('0260002C07', '260002'), 
('0260002C08', '260002'), 
('0260002C09', '260002'), 
('0260002C10', '260002'), 
('0270001A01', '270001'), 
('0270001A02', '270001'), 
('0270001A03', '270001'), 
('0270001A04', '270001'), 
('0270001A05', '270001'), 
('0270001A06', '270001'), 
('0270001A07', '270001'), 
('0270001A08', '270001'), 
('0270001A09', '270001'), 
('0270001A10', '270001'), 
('0270001B01', '270001'), 
('0270001B02', '270001'), 
('0270001B03', '270001'), 
('0270001B04', '270001'), 
('0270001B05', '270001'), 
('0270001B06', '270001'), 
('0270001B07', '270001'), 
('0270001B08', '270001'), 
('0270001B09', '270001'), 
('0270001B10', '270001'), 
('0270001C01', '270001'), 
('0270001C02', '270001'), 
('0270001C03', '270001'), 
('0270001C04', '270001'), 
('0270001C05', '270001'), 
('0270001C06', '270001'), 
('0270001C07', '270001'), 
('0270001C08', '270001'), 
('0270001C09', '270001'), 
('0270001C10', '270001'), 
('0270002A01', '270002'), 
('0270002A02', '270002'), 
('0270002A03', '270002'), 
('0270002A04', '270002'), 
('0270002A05', '270002'), 
('0270002A06', '270002'), 
('0270002A07', '270002'), 
('0270002A08', '270002'), 
('0270002A09', '270002'), 
('0270002A10', '270002'), 
('0270002B01', '270002'), 
('0270002B02', '270002'), 
('0270002B03', '270002'), 
('0270002B04', '270002'), 
('0270002B05', '270002'), 
('0270002B06', '270002'), 
('0270002B07', '270002'), 
('0270002B08', '270002'), 
('0270002B09', '270002'), 
('0270002B10', '270002'), 
('0270002C01', '270002'), 
('0270002C02', '270002'), 
('0270002C03', '270002'), 
('0270002C04', '270002'), 
('0270002C05', '270002'), 
('0270002C06', '270002'), 
('0270002C07', '270002'), 
('0270002C08', '270002'), 
('0270002C09', '270002'), 
('0270002C10', '270002'), 
('0280001A01', '280001'), 
('0280001A02', '280001'), 
('0280001A03', '280001'), 
('0280001A04', '280001'), 
('0280001A05', '280001'), 
('0280001A06', '280001'), 
('0280001A07', '280001'), 
('0280001A08', '280001'), 
('0280001A09', '280001'), 
('0280001A10', '280001'), 
('0280001B01', '280001'), 
('0280001B02', '280001'), 
('0280001B03', '280001'), 
('0280001B04', '280001'), 
('0280001B05', '280001'), 
('0280001B06', '280001'), 
('0280001B07', '280001'), 
('0280001B08', '280001'), 
('0280001B09', '280001'), 
('0280001B10', '280001'), 
('0280001C01', '280001'), 
('0280001C02', '280001'), 
('0280001C03', '280001'), 
('0280001C04', '280001'), 
('0280001C05', '280001'), 
('0280001C06', '280001'), 
('0280001C07', '280001'), 
('0280001C08', '280001'), 
('0280001C09', '280001'), 
('0280001C10', '280001'), 
('0280002A01', '280002'), 
('0280002A02', '280002'), 
('0280002A03', '280002'), 
('0280002A04', '280002'), 
('0280002A05', '280002'), 
('0280002A06', '280002'), 
('0280002A07', '280002'), 
('0280002A08', '280002'), 
('0280002A09', '280002'), 
('0280002A10', '280002'), 
('0280002B01', '280002'), 
('0280002B02', '280002'), 
('0280002B03', '280002'), 
('0280002B04', '280002'), 
('0280002B05', '280002'), 
('0280002B06', '280002'), 
('0280002B07', '280002'), 
('0280002B08', '280002'), 
('0280002B09', '280002'), 
('0280002B10', '280002'), 
('0280002C01', '280002'), 
('0280002C02', '280002'), 
('0280002C03', '280002'), 
('0280002C04', '280002'), 
('0280002C05', '280002'), 
('0280002C06', '280002'), 
('0280002C07', '280002'), 
('0280002C08', '280002'), 
('0280002C09', '280002'), 
('0280002C10', '280002'), 
('0290001A01', '290001'), 
('0290001A02', '290001'), 
('0290001A03', '290001'), 
('0290001A04', '290001'), 
('0290001A05', '290001'), 
('0290001A06', '290001'), 
('0290001A07', '290001'), 
('0290001A08', '290001'), 
('0290001A09', '290001'), 
('0290001A10', '290001'), 
('0290001B01', '290001'), 
('0290001B02', '290001'), 
('0290001B03', '290001'), 
('0290001B04', '290001'), 
('0290001B05', '290001'), 
('0290001B06', '290001'), 
('0290001B07', '290001'), 
('0290001B08', '290001'), 
('0290001B09', '290001'), 
('0290001B10', '290001'), 
('0290001C01', '290001'), 
('0290001C02', '290001'), 
('0290001C03', '290001'), 
('0290001C04', '290001'), 
('0290001C05', '290001'), 
('0290001C06', '290001'), 
('0290001C07', '290001'), 
('0290001C08', '290001'), 
('0290001C09', '290001'), 
('0290001C10', '290001'), 
('0290002A01', '290002'), 
('0290002A02', '290002'), 
('0290002A03', '290002'), 
('0290002A04', '290002'), 
('0290002A05', '290002'), 
('0290002A06', '290002'), 
('0290002A07', '290002'), 
('0290002A08', '290002'), 
('0290002A09', '290002'), 
('0290002A10', '290002'), 
('0290002B01', '290002'), 
('0290002B02', '290002'), 
('0290002B03', '290002'), 
('0290002B04', '290002'), 
('0290002B05', '290002'), 
('0290002B06', '290002'), 
('0290002B07', '290002'), 
('0290002B08', '290002'), 
('0290002B09', '290002'), 
('0290002B10', '290002'), 
('0290002C01', '290002'), 
('0290002C02', '290002'), 
('0290002C03', '290002'), 
('0290002C04', '290002'), 
('0290002C05', '290002'), 
('0290002C06', '290002'), 
('0290002C07', '290002'), 
('0290002C08', '290002'), 
('0290002C09', '290002'), 
('0290002C10', '290002'), 
('0300001A01', '300001'), 
('0300001A02', '300001'), 
('0300001A03', '300001'), 
('0300001A04', '300001'), 
('0300001A05', '300001'), 
('0300001A06', '300001'), 
('0300001A07', '300001'), 
('0300001A08', '300001'), 
('0300001A09', '300001'), 
('0300001A10', '300001'), 
('0300001B01', '300001'), 
('0300001B02', '300001'), 
('0300001B03', '300001'), 
('0300001B04', '300001'), 
('0300001B05', '300001'), 
('0300001B06', '300001'), 
('0300001B07', '300001'), 
('0300001B08', '300001'), 
('0300001B09', '300001'), 
('0300001B10', '300001'), 
('0300001C01', '300001'), 
('0300001C02', '300001'), 
('0300001C03', '300001'), 
('0300001C04', '300001'), 
('0300001C05', '300001'), 
('0300001C06', '300001'), 
('0300001C07', '300001'), 
('0300001C08', '300001'), 
('0300001C09', '300001'), 
('0300001C10', '300001'), 
('0300002A01', '300002'), 
('0300002A02', '300002'), 
('0300002A03', '300002'), 
('0300002A04', '300002'), 
('0300002A05', '300002'), 
('0300002A06', '300002'), 
('0300002A07', '300002'), 
('0300002A08', '300002'), 
('0300002A09', '300002'), 
('0300002A10', '300002'), 
('0300002B01', '300002'), 
('0300002B02', '300002'), 
('0300002B03', '300002'), 
('0300002B04', '300002'), 
('0300002B05', '300002'), 
('0300002B06', '300002'), 
('0300002B07', '300002'), 
('0300002B08', '300002'), 
('0300002B09', '300002'), 
('0300002B10', '300002'), 
('0300002C01', '300002'), 
('0300002C02', '300002'), 
('0300002C03', '300002'), 
('0300002C04', '300002'), 
('0300002C05', '300002'), 
('0300002C06', '300002'), 
('0300002C07', '300002'), 
('0300002C08', '300002'), 
('0300002C09', '300002'), 
('0300002C10', '300002');

INSERT INTO `showtime` VALUES  
('131227A', '2013-12-27', '20:00:00'), 
('131228A', '2013-12-28', '14:00:00'), 
('131221A', '2013-12-21', '14:00:00'), 
('131222A', '2013-12-22', '15:00:00'), 
('131223A', '2013-12-23', '20:00:00'), 
('131225A', '2013-12-25', '20:00:00'), 
('131226A', '2013-12-26', '14:00:00'), 
('131226B', '2013-12-26', '20:00:00'), 
('131228B', '2013-12-28', '20:00:00');	

INSERT INTO `puton` VALUES  
('NYNY0001', '10001'), 
('NYNY0002', '20001'), 
('NYNY0003', '30001'), 
('NYNY0004', '40001'), 
('NYNY0005', '50001'), 
('NYNY0006', '60001'), 
('NYNY0007', '70001'), 
('NYNY0008', '80001'), 
('NYNY0009', '90001'), 
('NYNY0010', '100001'), 
('NYNY0011', '110001'), 
('NYNY0012', '120001'), 
('NYNY0013', '130001'), 
('NYNY0014', '140001'), 
('NYNY0015', '150001'), 
('NYNY0016', '160001'), 
('NYNY0017', '170001'), 
('NYNY0018', '180001'), 
('NYNY0019', '190001'), 
('NYNY0020', '200001'), 
('NYNY0021', '210001'), 
('NYNY0022', '220001'), 
('NYNY0023', '230001'), 
('NYNY0024', '240001'), 
('NYNY0025', '250001'), 
('NYNY0026', '260001'), 
('NYNY0027', '270001'), 
('NYNY0028', '280001'), 
('NYNY0009', '290001'), 
('NYNY0022', '300001'), 
('NYNY0001', '10002'), 
('NYNY0002', '20002'), 
('NYNY0003', '30002'), 
('NYNY0004', '40002'), 
('NYNY0005', '50002'), 
('NYNY0006', '60002'), 
('NYNY0007', '70002'), 
('NYNY0008', '80002'), 
('NYNY0009', '90002'), 
('NYNY0010', '100002'), 
('NYNY0011', '110002'), 
('NYNY0012', '120002'), 
('NYNY0013', '130002'), 
('NYNY0014', '140002'), 
('NYNY0015', '150002'), 
('NYNY0016', '160002'), 
('NYNY0017', '170002'), 
('NYNY0018', '180002'), 
('NYNY0019', '190002'), 
('NYNY0020', '200002'), 
('NYNY0021', '210002'), 
('NYNY0022', '220002'), 
('NYNY0023', '230002'), 
('NYNY0024', '240002'), 
('NYNY0025', '250002'), 
('NYNY0026', '260002'), 
('NYNY0027', '270002'), 
('NYNY0028', '280002'), 
('NYNY0009', '290002'), 
('NYNY0022', '300002');

INSERT INTO `booked` VALUES  
('jliu88', '0010001B02', '2013-11-12'), 
('jliu88', '0260001B05', '2013-11-28'), 
('schen97', '0020002C06', '2013-12-11'), 
('schen97', '0260001B04', '2013-12-20');

INSERT INTO `schedualed` VALUES  
('131221A', '10001'), 
('131222A', '20001'), 
('131221A', '30001'), 
('131226A', '40001'), 
('131225A', '50001'), 
('131223A', '60001'), 
('131221A', '70001'), 
('131222A', '80001'), 
('131221A', '90001'), 
('131226A', '100001'), 
('131225A', '110001'), 
('131223A', '120001'), 
('131221A', '130001'), 
('131222A', '140001'), 
('131221A', '150001'), 
('131226A', '160001'), 
('131225A', '170001'), 
('131223A', '180001'), 
('131221A', '190001'), 
('131222A', '200001'), 
('131221A', '210001'), 
('131226A', '220001'), 
('131225A', '230001'), 
('131223A', '240001'), 
('131221A', '250001'), 
('131222A', '260001'), 
('131221A', '270001'), 
('131226A', '280001'), 
('131225A', '290001'), 
('131223A', '300001'), 
('131226B', '10002'), 
('131227A', '20002'), 
('131226B', '30002'), 
('131228A', '40002'), 
('131228B', '50002'), 
('131226B', '60002'), 
('131227A', '70002'), 
('131226B', '80002'), 
('131228A', '90002'), 
('131228B', '100002'), 
('131226B', '110002'), 
('131227A', '120002'), 
('131226B', '130002'), 
('131228A', '140002'), 
('131228B', '150002'), 
('131226B', '160002'), 
('131227A', '170002'), 
('131226B', '180002'), 
('131228A', '190002'), 
('131228B', '200002'), 
('131226B', '210002'), 
('131227A', '220002'), 
('131226B', '230002'), 
('131228A', '240002'), 
('131228B', '250002'), 
('131226B', '260002'), 
('131227A', '270002'), 
('131226B', '280002'), 
('131228A', '290002'), 
('131228B', '300002');


